WARNING - 2026-06-16 03:40:17 --> [DEPRECATED] Creation of dynamic property App\Controllers\Home::$ModelSetting is deprecated in APPPATH\Controllers\Home.php on line 12.
 1 SYSTEMPATH\CodeIgniter.php(921): App\Controllers\Home->__construct()
 2 SYSTEMPATH\CodeIgniter.php(488): CodeIgniter\CodeIgniter->createController()
 3 SYSTEMPATH\CodeIgniter.php(340): CodeIgniter\CodeIgniter->handleRequest(null, Object(Config\Cache), false)
 4 SYSTEMPATH\Boot.php(417): CodeIgniter\CodeIgniter->run()
 5 SYSTEMPATH\Boot.php(68): CodeIgniter\Boot::runCodeIgniter(Object(CodeIgniter\CodeIgniter))
 6 FCPATH\index.php(59): CodeIgniter\Boot::bootWeb(Object(Config\Paths))
WARNING - 2026-06-16 03:40:17 --> [DEPRECATED] Creation of dynamic property App\Controllers\Home::$ModelWilayah is deprecated in APPPATH\Controllers\Home.php on line 13.
 1 SYSTEMPATH\CodeIgniter.php(921): App\Controllers\Home->__construct()
 2 SYSTEMPATH\CodeIgniter.php(488): CodeIgniter\CodeIgniter->createController()
 3 SYSTEMPATH\CodeIgniter.php(340): CodeIgniter\CodeIgniter->handleRequest(null, Object(Config\Cache), false)
 4 SYSTEMPATH\Boot.php(417): CodeIgniter\CodeIgniter->run()
 5 SYSTEMPATH\Boot.php(68): CodeIgniter\Boot::runCodeIgniter(Object(CodeIgniter\CodeIgniter))
 6 FCPATH\index.php(59): CodeIgniter\Boot::bootWeb(Object(Config\Paths))
WARNING - 2026-06-16 03:40:36 --> [DEPRECATED] Creation of dynamic property App\Controllers\Bengkel::$ModelWilayah is deprecated in APPPATH\Controllers\Bengkel.php on line 15.
 1 SYSTEMPATH\CodeIgniter.php(921): App\Controllers\Bengkel->__construct()
 2 SYSTEMPATH\CodeIgniter.php(488): CodeIgniter\CodeIgniter->createController()
 3 SYSTEMPATH\CodeIgniter.php(340): CodeIgniter\CodeIgniter->handleRequest(null, Object(Config\Cache), false)
 4 SYSTEMPATH\Boot.php(417): CodeIgniter\CodeIgniter->run()
 5 SYSTEMPATH\Boot.php(68): CodeIgniter\Boot::runCodeIgniter(Object(CodeIgniter\CodeIgniter))
 6 FCPATH\index.php(59): CodeIgniter\Boot::bootWeb(Object(Config\Paths))
WARNING - 2026-06-16 03:40:36 --> [DEPRECATED] Creation of dynamic property App\Controllers\Bengkel::$ModelSetting is deprecated in APPPATH\Controllers\Bengkel.php on line 16.
 1 SYSTEMPATH\CodeIgniter.php(921): App\Controllers\Bengkel->__construct()
 2 SYSTEMPATH\CodeIgniter.php(488): CodeIgniter\CodeIgniter->createController()
 3 SYSTEMPATH\CodeIgniter.php(340): CodeIgniter\CodeIgniter->handleRequest(null, Object(Config\Cache), false)
 4 SYSTEMPATH\Boot.php(417): CodeIgniter\CodeIgniter->run()
 5 SYSTEMPATH\Boot.php(68): CodeIgniter\Boot::runCodeIgniter(Object(CodeIgniter\CodeIgniter))
 6 FCPATH\index.php(59): CodeIgniter\Boot::bootWeb(Object(Config\Paths))
WARNING - 2026-06-16 03:40:37 --> [DEPRECATED] Creation of dynamic property App\Controllers\Bengkel::$ModelBengkel is deprecated in APPPATH\Controllers\Bengkel.php on line 17.
 1 SYSTEMPATH\CodeIgniter.php(921): App\Controllers\Bengkel->__construct()
 2 SYSTEMPATH\CodeIgniter.php(488): CodeIgniter\CodeIgniter->createController()
 3 SYSTEMPATH\CodeIgniter.php(340): CodeIgniter\CodeIgniter->handleRequest(null, Object(Config\Cache), false)
 4 SYSTEMPATH\Boot.php(417): CodeIgniter\CodeIgniter->run()
 5 SYSTEMPATH\Boot.php(68): CodeIgniter\Boot::runCodeIgniter(Object(CodeIgniter\CodeIgniter))
 6 FCPATH\index.php(59): CodeIgniter\Boot::bootWeb(Object(Config\Paths))
WARNING - 2026-06-16 03:40:37 --> [DEPRECATED] Creation of dynamic property App\Controllers\Bengkel::$ModelKategori is deprecated in APPPATH\Controllers\Bengkel.php on line 18.
 1 SYSTEMPATH\CodeIgniter.php(921): App\Controllers\Bengkel->__construct()
 2 SYSTEMPATH\CodeIgniter.php(488): CodeIgniter\CodeIgniter->createController()
 3 SYSTEMPATH\CodeIgniter.php(340): CodeIgniter\CodeIgniter->handleRequest(null, Object(Config\Cache), false)
 4 SYSTEMPATH\Boot.php(417): CodeIgniter\CodeIgniter->run()
 5 SYSTEMPATH\Boot.php(68): CodeIgniter\Boot::runCodeIgniter(Object(CodeIgniter\CodeIgniter))
 6 FCPATH\index.php(59): CodeIgniter\Boot::bootWeb(Object(Config\Paths))
DEBUG - 2026-06-16 03:40:37 --> Session: Class initialized using 'CodeIgniter\Session\Handlers\FileHandler' driver.
WARNING - 2026-06-16 03:40:40 --> [DEPRECATED] Creation of dynamic property App\Controllers\Admin::$ModelSetting is deprecated in APPPATH\Controllers\Admin.php on line 11.
 1 SYSTEMPATH\CodeIgniter.php(921): App\Controllers\Admin->__construct()
 2 SYSTEMPATH\CodeIgniter.php(488): CodeIgniter\CodeIgniter->createController()
 3 SYSTEMPATH\CodeIgniter.php(340): CodeIgniter\CodeIgniter->handleRequest(null, Object(Config\Cache), false)
 4 SYSTEMPATH\Boot.php(417): CodeIgniter\CodeIgniter->run()
 5 SYSTEMPATH\Boot.php(68): CodeIgniter\Boot::runCodeIgniter(Object(CodeIgniter\CodeIgniter))
 6 FCPATH\index.php(59): CodeIgniter\Boot::bootWeb(Object(Config\Paths))
DEBUG - 2026-06-16 03:40:42 --> Session: Class initialized using 'CodeIgniter\Session\Handlers\FileHandler' driver.
WARNING - 2026-06-16 03:40:43 --> [DEPRECATED] Creation of dynamic property App\Controllers\Bengkel::$ModelWilayah is deprecated in APPPATH\Controllers\Bengkel.php on line 15.
 1 SYSTEMPATH\CodeIgniter.php(921): App\Controllers\Bengkel->__construct()
 2 SYSTEMPATH\CodeIgniter.php(488): CodeIgniter\CodeIgniter->createController()
 3 SYSTEMPATH\CodeIgniter.php(340): CodeIgniter\CodeIgniter->handleRequest(null, Object(Config\Cache), false)
 4 SYSTEMPATH\Boot.php(417): CodeIgniter\CodeIgniter->run()
 5 SYSTEMPATH\Boot.php(68): CodeIgniter\Boot::runCodeIgniter(Object(CodeIgniter\CodeIgniter))
 6 FCPATH\index.php(59): CodeIgniter\Boot::bootWeb(Object(Config\Paths))
WARNING - 2026-06-16 03:40:43 --> [DEPRECATED] Creation of dynamic property App\Controllers\Bengkel::$ModelSetting is deprecated in APPPATH\Controllers\Bengkel.php on line 16.
 1 SYSTEMPATH\CodeIgniter.php(921): App\Controllers\Bengkel->__construct()
 2 SYSTEMPATH\CodeIgniter.php(488): CodeIgniter\CodeIgniter->createController()
 3 SYSTEMPATH\CodeIgniter.php(340): CodeIgniter\CodeIgniter->handleRequest(null, Object(Config\Cache), false)
 4 SYSTEMPATH\Boot.php(417): CodeIgniter\CodeIgniter->run()
 5 SYSTEMPATH\Boot.php(68): CodeIgniter\Boot::runCodeIgniter(Object(CodeIgniter\CodeIgniter))
 6 FCPATH\index.php(59): CodeIgniter\Boot::bootWeb(Object(Config\Paths))
WARNING - 2026-06-16 03:40:44 --> [DEPRECATED] Creation of dynamic property App\Controllers\Bengkel::$ModelBengkel is deprecated in APPPATH\Controllers\Bengkel.php on line 17.
 1 SYSTEMPATH\CodeIgniter.php(921): App\Controllers\Bengkel->__construct()
 2 SYSTEMPATH\CodeIgniter.php(488): CodeIgniter\CodeIgniter->createController()
 3 SYSTEMPATH\CodeIgniter.php(340): CodeIgniter\CodeIgniter->handleRequest(null, Object(Config\Cache), false)
 4 SYSTEMPATH\Boot.php(417): CodeIgniter\CodeIgniter->run()
 5 SYSTEMPATH\Boot.php(68): CodeIgniter\Boot::runCodeIgniter(Object(CodeIgniter\CodeIgniter))
 6 FCPATH\index.php(59): CodeIgniter\Boot::bootWeb(Object(Config\Paths))
WARNING - 2026-06-16 03:40:44 --> [DEPRECATED] Creation of dynamic property App\Controllers\Bengkel::$ModelKategori is deprecated in APPPATH\Controllers\Bengkel.php on line 18.
 1 SYSTEMPATH\CodeIgniter.php(921): App\Controllers\Bengkel->__construct()
 2 SYSTEMPATH\CodeIgniter.php(488): CodeIgniter\CodeIgniter->createController()
 3 SYSTEMPATH\CodeIgniter.php(340): CodeIgniter\CodeIgniter->handleRequest(null, Object(Config\Cache), false)
 4 SYSTEMPATH\Boot.php(417): CodeIgniter\CodeIgniter->run()
 5 SYSTEMPATH\Boot.php(68): CodeIgniter\Boot::runCodeIgniter(Object(CodeIgniter\CodeIgniter))
 6 FCPATH\index.php(59): CodeIgniter\Boot::bootWeb(Object(Config\Paths))
DEBUG - 2026-06-16 03:40:44 --> Session: Class initialized using 'CodeIgniter\Session\Handlers\FileHandler' driver.
WARNING - 2026-06-16 03:43:54 --> [DEPRECATED] Creation of dynamic property App\Controllers\Bengkel::$ModelWilayah is deprecated in APPPATH\Controllers\Bengkel.php on line 15.
 1 SYSTEMPATH\CodeIgniter.php(921): App\Controllers\Bengkel->__construct()
 2 SYSTEMPATH\CodeIgniter.php(488): CodeIgniter\CodeIgniter->createController()
 3 SYSTEMPATH\CodeIgniter.php(340): CodeIgniter\CodeIgniter->handleRequest(null, Object(Config\Cache), false)
 4 SYSTEMPATH\Boot.php(417): CodeIgniter\CodeIgniter->run()
 5 SYSTEMPATH\Boot.php(68): CodeIgniter\Boot::runCodeIgniter(Object(CodeIgniter\CodeIgniter))
 6 FCPATH\index.php(59): CodeIgniter\Boot::bootWeb(Object(Config\Paths))
WARNING - 2026-06-16 03:43:54 --> [DEPRECATED] Creation of dynamic property App\Controllers\Bengkel::$ModelSetting is deprecated in APPPATH\Controllers\Bengkel.php on line 16.
 1 SYSTEMPATH\CodeIgniter.php(921): App\Controllers\Bengkel->__construct()
 2 SYSTEMPATH\CodeIgniter.php(488): CodeIgniter\CodeIgniter->createController()
 3 SYSTEMPATH\CodeIgniter.php(340): CodeIgniter\CodeIgniter->handleRequest(null, Object(Config\Cache), false)
 4 SYSTEMPATH\Boot.php(417): CodeIgniter\CodeIgniter->run()
 5 SYSTEMPATH\Boot.php(68): CodeIgniter\Boot::runCodeIgniter(Object(CodeIgniter\CodeIgniter))
 6 FCPATH\index.php(59): CodeIgniter\Boot::bootWeb(Object(Config\Paths))
WARNING - 2026-06-16 03:43:54 --> [DEPRECATED] Creation of dynamic property App\Controllers\Bengkel::$ModelBengkel is deprecated in APPPATH\Controllers\Bengkel.php on line 17.
 1 SYSTEMPATH\CodeIgniter.php(921): App\Controllers\Bengkel->__construct()
 2 SYSTEMPATH\CodeIgniter.php(488): CodeIgniter\CodeIgniter->createController()
 3 SYSTEMPATH\CodeIgniter.php(340): CodeIgniter\CodeIgniter->handleRequest(null, Object(Config\Cache), false)
 4 SYSTEMPATH\Boot.php(417): CodeIgniter\CodeIgniter->run()
 5 SYSTEMPATH\Boot.php(68): CodeIgniter\Boot::runCodeIgniter(Object(CodeIgniter\CodeIgniter))
 6 FCPATH\index.php(59): CodeIgniter\Boot::bootWeb(Object(Config\Paths))
WARNING - 2026-06-16 03:43:54 --> [DEPRECATED] Creation of dynamic property App\Controllers\Bengkel::$ModelKategori is deprecated in APPPATH\Controllers\Bengkel.php on line 18.
 1 SYSTEMPATH\CodeIgniter.php(921): App\Controllers\Bengkel->__construct()
 2 SYSTEMPATH\CodeIgniter.php(488): CodeIgniter\CodeIgniter->createController()
 3 SYSTEMPATH\CodeIgniter.php(340): CodeIgniter\CodeIgniter->handleRequest(null, Object(Config\Cache), false)
 4 SYSTEMPATH\Boot.php(417): CodeIgniter\CodeIgniter->run()
 5 SYSTEMPATH\Boot.php(68): CodeIgniter\Boot::runCodeIgniter(Object(CodeIgniter\CodeIgniter))
 6 FCPATH\index.php(59): CodeIgniter\Boot::bootWeb(Object(Config\Paths))
DEBUG - 2026-06-16 03:43:54 --> Session: Class initialized using 'CodeIgniter\Session\Handlers\FileHandler' driver.
WARNING - 2026-06-16 03:43:56 --> [DEPRECATED] Creation of dynamic property App\Controllers\Bengkel::$ModelWilayah is deprecated in APPPATH\Controllers\Bengkel.php on line 15.
 1 SYSTEMPATH\CodeIgniter.php(921): App\Controllers\Bengkel->__construct()
 2 SYSTEMPATH\CodeIgniter.php(488): CodeIgniter\CodeIgniter->createController()
 3 SYSTEMPATH\CodeIgniter.php(340): CodeIgniter\CodeIgniter->handleRequest(null, Object(Config\Cache), false)
 4 SYSTEMPATH\Boot.php(417): CodeIgniter\CodeIgniter->run()
 5 SYSTEMPATH\Boot.php(68): CodeIgniter\Boot::runCodeIgniter(Object(CodeIgniter\CodeIgniter))
 6 FCPATH\index.php(59): CodeIgniter\Boot::bootWeb(Object(Config\Paths))
WARNING - 2026-06-16 03:43:56 --> [DEPRECATED] Creation of dynamic property App\Controllers\Bengkel::$ModelSetting is deprecated in APPPATH\Controllers\Bengkel.php on line 16.
 1 SYSTEMPATH\CodeIgniter.php(921): App\Controllers\Bengkel->__construct()
 2 SYSTEMPATH\CodeIgniter.php(488): CodeIgniter\CodeIgniter->createController()
 3 SYSTEMPATH\CodeIgniter.php(340): CodeIgniter\CodeIgniter->handleRequest(null, Object(Config\Cache), false)
 4 SYSTEMPATH\Boot.php(417): CodeIgniter\CodeIgniter->run()
 5 SYSTEMPATH\Boot.php(68): CodeIgniter\Boot::runCodeIgniter(Object(CodeIgniter\CodeIgniter))
 6 FCPATH\index.php(59): CodeIgniter\Boot::bootWeb(Object(Config\Paths))
WARNING - 2026-06-16 03:43:56 --> [DEPRECATED] Creation of dynamic property App\Controllers\Bengkel::$ModelBengkel is deprecated in APPPATH\Controllers\Bengkel.php on line 17.
 1 SYSTEMPATH\CodeIgniter.php(921): App\Controllers\Bengkel->__construct()
 2 SYSTEMPATH\CodeIgniter.php(488): CodeIgniter\CodeIgniter->createController()
 3 SYSTEMPATH\CodeIgniter.php(340): CodeIgniter\CodeIgniter->handleRequest(null, Object(Config\Cache), false)
 4 SYSTEMPATH\Boot.php(417): CodeIgniter\CodeIgniter->run()
 5 SYSTEMPATH\Boot.php(68): CodeIgniter\Boot::runCodeIgniter(Object(CodeIgniter\CodeIgniter))
 6 FCPATH\index.php(59): CodeIgniter\Boot::bootWeb(Object(Config\Paths))
WARNING - 2026-06-16 03:43:56 --> [DEPRECATED] Creation of dynamic property App\Controllers\Bengkel::$ModelKategori is deprecated in APPPATH\Controllers\Bengkel.php on line 18.
 1 SYSTEMPATH\CodeIgniter.php(921): App\Controllers\Bengkel->__construct()
 2 SYSTEMPATH\CodeIgniter.php(488): CodeIgniter\CodeIgniter->createController()
 3 SYSTEMPATH\CodeIgniter.php(340): CodeIgniter\CodeIgniter->handleRequest(null, Object(Config\Cache), false)
 4 SYSTEMPATH\Boot.php(417): CodeIgniter\CodeIgniter->run()
 5 SYSTEMPATH\Boot.php(68): CodeIgniter\Boot::runCodeIgniter(Object(CodeIgniter\CodeIgniter))
 6 FCPATH\index.php(59): CodeIgniter\Boot::bootWeb(Object(Config\Paths))
DEBUG - 2026-06-16 03:43:56 --> Session: Class initialized using 'CodeIgniter\Session\Handlers\FileHandler' driver.
WARNING - 2026-06-16 03:45:47 --> [DEPRECATED] Creation of dynamic property App\Controllers\Bengkel::$ModelWilayah is deprecated in APPPATH\Controllers\Bengkel.php on line 15.
 1 SYSTEMPATH\CodeIgniter.php(921): App\Controllers\Bengkel->__construct()
 2 SYSTEMPATH\CodeIgniter.php(488): CodeIgniter\CodeIgniter->createController()
 3 SYSTEMPATH\CodeIgniter.php(340): CodeIgniter\CodeIgniter->handleRequest(null, Object(Config\Cache), false)
 4 SYSTEMPATH\Boot.php(417): CodeIgniter\CodeIgniter->run()
 5 SYSTEMPATH\Boot.php(68): CodeIgniter\Boot::runCodeIgniter(Object(CodeIgniter\CodeIgniter))
 6 FCPATH\index.php(59): CodeIgniter\Boot::bootWeb(Object(Config\Paths))
WARNING - 2026-06-16 03:45:47 --> [DEPRECATED] Creation of dynamic property App\Controllers\Bengkel::$ModelSetting is deprecated in APPPATH\Controllers\Bengkel.php on line 16.
 1 SYSTEMPATH\CodeIgniter.php(921): App\Controllers\Bengkel->__construct()
 2 SYSTEMPATH\CodeIgniter.php(488): CodeIgniter\CodeIgniter->createController()
 3 SYSTEMPATH\CodeIgniter.php(340): CodeIgniter\CodeIgniter->handleRequest(null, Object(Config\Cache), false)
 4 SYSTEMPATH\Boot.php(417): CodeIgniter\CodeIgniter->run()
 5 SYSTEMPATH\Boot.php(68): CodeIgniter\Boot::runCodeIgniter(Object(CodeIgniter\CodeIgniter))
 6 FCPATH\index.php(59): CodeIgniter\Boot::bootWeb(Object(Config\Paths))
WARNING - 2026-06-16 03:45:47 --> [DEPRECATED] Creation of dynamic property App\Controllers\Bengkel::$ModelBengkel is deprecated in APPPATH\Controllers\Bengkel.php on line 17.
 1 SYSTEMPATH\CodeIgniter.php(921): App\Controllers\Bengkel->__construct()
 2 SYSTEMPATH\CodeIgniter.php(488): CodeIgniter\CodeIgniter->createController()
 3 SYSTEMPATH\CodeIgniter.php(340): CodeIgniter\CodeIgniter->handleRequest(null, Object(Config\Cache), false)
 4 SYSTEMPATH\Boot.php(417): CodeIgniter\CodeIgniter->run()
 5 SYSTEMPATH\Boot.php(68): CodeIgniter\Boot::runCodeIgniter(Object(CodeIgniter\CodeIgniter))
 6 FCPATH\index.php(59): CodeIgniter\Boot::bootWeb(Object(Config\Paths))
WARNING - 2026-06-16 03:45:47 --> [DEPRECATED] Creation of dynamic property App\Controllers\Bengkel::$ModelKategori is deprecated in APPPATH\Controllers\Bengkel.php on line 18.
 1 SYSTEMPATH\CodeIgniter.php(921): App\Controllers\Bengkel->__construct()
 2 SYSTEMPATH\CodeIgniter.php(488): CodeIgniter\CodeIgniter->createController()
 3 SYSTEMPATH\CodeIgniter.php(340): CodeIgniter\CodeIgniter->handleRequest(null, Object(Config\Cache), false)
 4 SYSTEMPATH\Boot.php(417): CodeIgniter\CodeIgniter->run()
 5 SYSTEMPATH\Boot.php(68): CodeIgniter\Boot::runCodeIgniter(Object(CodeIgniter\CodeIgniter))
 6 FCPATH\index.php(59): CodeIgniter\Boot::bootWeb(Object(Config\Paths))
DEBUG - 2026-06-16 03:45:47 --> Session: Class initialized using 'CodeIgniter\Session\Handlers\FileHandler' driver.
WARNING - 2026-06-16 03:51:02 --> [DEPRECATED] Creation of dynamic property App\Controllers\Bengkel::$ModelWilayah is deprecated in APPPATH\Controllers\Bengkel.php on line 15.
 1 SYSTEMPATH\CodeIgniter.php(921): App\Controllers\Bengkel->__construct()
 2 SYSTEMPATH\CodeIgniter.php(488): CodeIgniter\CodeIgniter->createController()
 3 SYSTEMPATH\CodeIgniter.php(340): CodeIgniter\CodeIgniter->handleRequest(null, Object(Config\Cache), false)
 4 SYSTEMPATH\Boot.php(417): CodeIgniter\CodeIgniter->run()
 5 SYSTEMPATH\Boot.php(68): CodeIgniter\Boot::runCodeIgniter(Object(CodeIgniter\CodeIgniter))
 6 FCPATH\index.php(59): CodeIgniter\Boot::bootWeb(Object(Config\Paths))
WARNING - 2026-06-16 03:51:02 --> [DEPRECATED] Creation of dynamic property App\Controllers\Bengkel::$ModelSetting is deprecated in APPPATH\Controllers\Bengkel.php on line 16.
 1 SYSTEMPATH\CodeIgniter.php(921): App\Controllers\Bengkel->__construct()
 2 SYSTEMPATH\CodeIgniter.php(488): CodeIgniter\CodeIgniter->createController()
 3 SYSTEMPATH\CodeIgniter.php(340): CodeIgniter\CodeIgniter->handleRequest(null, Object(Config\Cache), false)
 4 SYSTEMPATH\Boot.php(417): CodeIgniter\CodeIgniter->run()
 5 SYSTEMPATH\Boot.php(68): CodeIgniter\Boot::runCodeIgniter(Object(CodeIgniter\CodeIgniter))
 6 FCPATH\index.php(59): CodeIgniter\Boot::bootWeb(Object(Config\Paths))
WARNING - 2026-06-16 03:51:02 --> [DEPRECATED] Creation of dynamic property App\Controllers\Bengkel::$ModelBengkel is deprecated in APPPATH\Controllers\Bengkel.php on line 17.
 1 SYSTEMPATH\CodeIgniter.php(921): App\Controllers\Bengkel->__construct()
 2 SYSTEMPATH\CodeIgniter.php(488): CodeIgniter\CodeIgniter->createController()
 3 SYSTEMPATH\CodeIgniter.php(340): CodeIgniter\CodeIgniter->handleRequest(null, Object(Config\Cache), false)
 4 SYSTEMPATH\Boot.php(417): CodeIgniter\CodeIgniter->run()
 5 SYSTEMPATH\Boot.php(68): CodeIgniter\Boot::runCodeIgniter(Object(CodeIgniter\CodeIgniter))
 6 FCPATH\index.php(59): CodeIgniter\Boot::bootWeb(Object(Config\Paths))
WARNING - 2026-06-16 03:51:02 --> [DEPRECATED] Creation of dynamic property App\Controllers\Bengkel::$ModelKategori is deprecated in APPPATH\Controllers\Bengkel.php on line 18.
 1 SYSTEMPATH\CodeIgniter.php(921): App\Controllers\Bengkel->__construct()
 2 SYSTEMPATH\CodeIgniter.php(488): CodeIgniter\CodeIgniter->createController()
 3 SYSTEMPATH\CodeIgniter.php(340): CodeIgniter\CodeIgniter->handleRequest(null, Object(Config\Cache), false)
 4 SYSTEMPATH\Boot.php(417): CodeIgniter\CodeIgniter->run()
 5 SYSTEMPATH\Boot.php(68): CodeIgniter\Boot::runCodeIgniter(Object(CodeIgniter\CodeIgniter))
 6 FCPATH\index.php(59): CodeIgniter\Boot::bootWeb(Object(Config\Paths))
DEBUG - 2026-06-16 03:51:02 --> Session: Class initialized using 'CodeIgniter\Session\Handlers\FileHandler' driver.
WARNING - 2026-06-16 03:51:05 --> [DEPRECATED] Creation of dynamic property App\Controllers\Bengkel::$ModelWilayah is deprecated in APPPATH\Controllers\Bengkel.php on line 15.
 1 SYSTEMPATH\CodeIgniter.php(921): App\Controllers\Bengkel->__construct()
 2 SYSTEMPATH\CodeIgniter.php(488): CodeIgniter\CodeIgniter->createController()
 3 SYSTEMPATH\CodeIgniter.php(340): CodeIgniter\CodeIgniter->handleRequest(null, Object(Config\Cache), false)
 4 SYSTEMPATH\Boot.php(417): CodeIgniter\CodeIgniter->run()
 5 SYSTEMPATH\Boot.php(68): CodeIgniter\Boot::runCodeIgniter(Object(CodeIgniter\CodeIgniter))
 6 FCPATH\index.php(59): CodeIgniter\Boot::bootWeb(Object(Config\Paths))
WARNING - 2026-06-16 03:51:05 --> [DEPRECATED] Creation of dynamic property App\Controllers\Bengkel::$ModelSetting is deprecated in APPPATH\Controllers\Bengkel.php on line 16.
 1 SYSTEMPATH\CodeIgniter.php(921): App\Controllers\Bengkel->__construct()
 2 SYSTEMPATH\CodeIgniter.php(488): CodeIgniter\CodeIgniter->createController()
 3 SYSTEMPATH\CodeIgniter.php(340): CodeIgniter\CodeIgniter->handleRequest(null, Object(Config\Cache), false)
 4 SYSTEMPATH\Boot.php(417): CodeIgniter\CodeIgniter->run()
 5 SYSTEMPATH\Boot.php(68): CodeIgniter\Boot::runCodeIgniter(Object(CodeIgniter\CodeIgniter))
 6 FCPATH\index.php(59): CodeIgniter\Boot::bootWeb(Object(Config\Paths))
WARNING - 2026-06-16 03:51:05 --> [DEPRECATED] Creation of dynamic property App\Controllers\Bengkel::$ModelBengkel is deprecated in APPPATH\Controllers\Bengkel.php on line 17.
 1 SYSTEMPATH\CodeIgniter.php(921): App\Controllers\Bengkel->__construct()
 2 SYSTEMPATH\CodeIgniter.php(488): CodeIgniter\CodeIgniter->createController()
 3 SYSTEMPATH\CodeIgniter.php(340): CodeIgniter\CodeIgniter->handleRequest(null, Object(Config\Cache), false)
 4 SYSTEMPATH\Boot.php(417): CodeIgniter\CodeIgniter->run()
 5 SYSTEMPATH\Boot.php(68): CodeIgniter\Boot::runCodeIgniter(Object(CodeIgniter\CodeIgniter))
 6 FCPATH\index.php(59): CodeIgniter\Boot::bootWeb(Object(Config\Paths))
WARNING - 2026-06-16 03:51:05 --> [DEPRECATED] Creation of dynamic property App\Controllers\Bengkel::$ModelKategori is deprecated in APPPATH\Controllers\Bengkel.php on line 18.
 1 SYSTEMPATH\CodeIgniter.php(921): App\Controllers\Bengkel->__construct()
 2 SYSTEMPATH\CodeIgniter.php(488): CodeIgniter\CodeIgniter->createController()
 3 SYSTEMPATH\CodeIgniter.php(340): CodeIgniter\CodeIgniter->handleRequest(null, Object(Config\Cache), false)
 4 SYSTEMPATH\Boot.php(417): CodeIgniter\CodeIgniter->run()
 5 SYSTEMPATH\Boot.php(68): CodeIgniter\Boot::runCodeIgniter(Object(CodeIgniter\CodeIgniter))
 6 FCPATH\index.php(59): CodeIgniter\Boot::bootWeb(Object(Config\Paths))
DEBUG - 2026-06-16 03:51:05 --> Session: Class initialized using 'CodeIgniter\Session\Handlers\FileHandler' driver.
WARNING - 2026-06-16 03:53:44 --> [DEPRECATED] Creation of dynamic property App\Controllers\Bengkel::$ModelWilayah is deprecated in APPPATH\Controllers\Bengkel.php on line 15.
 1 SYSTEMPATH\CodeIgniter.php(921): App\Controllers\Bengkel->__construct()
 2 SYSTEMPATH\CodeIgniter.php(488): CodeIgniter\CodeIgniter->createController()
 3 SYSTEMPATH\CodeIgniter.php(340): CodeIgniter\CodeIgniter->handleRequest(null, Object(Config\Cache), false)
 4 SYSTEMPATH\Boot.php(417): CodeIgniter\CodeIgniter->run()
 5 SYSTEMPATH\Boot.php(68): CodeIgniter\Boot::runCodeIgniter(Object(CodeIgniter\CodeIgniter))
 6 FCPATH\index.php(59): CodeIgniter\Boot::bootWeb(Object(Config\Paths))
WARNING - 2026-06-16 03:53:44 --> [DEPRECATED] Creation of dynamic property App\Controllers\Bengkel::$ModelSetting is deprecated in APPPATH\Controllers\Bengkel.php on line 16.
 1 SYSTEMPATH\CodeIgniter.php(921): App\Controllers\Bengkel->__construct()
 2 SYSTEMPATH\CodeIgniter.php(488): CodeIgniter\CodeIgniter->createController()
 3 SYSTEMPATH\CodeIgniter.php(340): CodeIgniter\CodeIgniter->handleRequest(null, Object(Config\Cache), false)
 4 SYSTEMPATH\Boot.php(417): CodeIgniter\CodeIgniter->run()
 5 SYSTEMPATH\Boot.php(68): CodeIgniter\Boot::runCodeIgniter(Object(CodeIgniter\CodeIgniter))
 6 FCPATH\index.php(59): CodeIgniter\Boot::bootWeb(Object(Config\Paths))
WARNING - 2026-06-16 03:53:44 --> [DEPRECATED] Creation of dynamic property App\Controllers\Bengkel::$ModelBengkel is deprecated in APPPATH\Controllers\Bengkel.php on line 17.
 1 SYSTEMPATH\CodeIgniter.php(921): App\Controllers\Bengkel->__construct()
 2 SYSTEMPATH\CodeIgniter.php(488): CodeIgniter\CodeIgniter->createController()
 3 SYSTEMPATH\CodeIgniter.php(340): CodeIgniter\CodeIgniter->handleRequest(null, Object(Config\Cache), false)
 4 SYSTEMPATH\Boot.php(417): CodeIgniter\CodeIgniter->run()
 5 SYSTEMPATH\Boot.php(68): CodeIgniter\Boot::runCodeIgniter(Object(CodeIgniter\CodeIgniter))
 6 FCPATH\index.php(59): CodeIgniter\Boot::bootWeb(Object(Config\Paths))
WARNING - 2026-06-16 03:53:44 --> [DEPRECATED] Creation of dynamic property App\Controllers\Bengkel::$ModelKategori is deprecated in APPPATH\Controllers\Bengkel.php on line 18.
 1 SYSTEMPATH\CodeIgniter.php(921): App\Controllers\Bengkel->__construct()
 2 SYSTEMPATH\CodeIgniter.php(488): CodeIgniter\CodeIgniter->createController()
 3 SYSTEMPATH\CodeIgniter.php(340): CodeIgniter\CodeIgniter->handleRequest(null, Object(Config\Cache), false)
 4 SYSTEMPATH\Boot.php(417): CodeIgniter\CodeIgniter->run()
 5 SYSTEMPATH\Boot.php(68): CodeIgniter\Boot::runCodeIgniter(Object(CodeIgniter\CodeIgniter))
 6 FCPATH\index.php(59): CodeIgniter\Boot::bootWeb(Object(Config\Paths))
DEBUG - 2026-06-16 03:53:45 --> Session: Class initialized using 'CodeIgniter\Session\Handlers\FileHandler' driver.
CRITICAL - 2026-06-16 03:53:45 --> ErrorException: Undefined array key "id_"
[Method: GET, Route: Bengkel/Edit/1]
in APPPATH\Views\bengkel\v_edit.php on line 14.
 1 APPPATH\Views\bengkel\v_edit.php(14): CodeIgniter\Debug\Exceptions->errorHandler(2, 'Undefined array key "id_"', 'C:\\laragon\\www\\gis_bengkel\\app\\Views\\bengkel\\v_edit.php', 14)
 2 SYSTEMPATH\View\View.php(240): include('C:\\laragon\\www\\gis_bengkel\\app\\Views\\bengkel\\v_edit.php')
 3 SYSTEMPATH\View\View.php(243): CodeIgniter\View\View->{closure:CodeIgniter\View\View::render():237}()
 4 SYSTEMPATH\Common.php(1250): CodeIgniter\View\View->render('Bengkel/v_edit', [], true)
 5 APPPATH\Views\v_template_back_end.php(220): view('Bengkel/v_edit')
 6 SYSTEMPATH\View\View.php(240): include('C:\\laragon\\www\\gis_bengkel\\app\\Views\\v_template_back_end.php')
 7 SYSTEMPATH\View\View.php(243): CodeIgniter\View\View->{closure:CodeIgniter\View\View::render():237}()
 8 SYSTEMPATH\Common.php(1250): CodeIgniter\View\View->render('v_template_back_end', [], true)
 9 APPPATH\Controllers\Bengkel.php(108): view('v_template_back_end', [...])
10 SYSTEMPATH\CodeIgniter.php(951): App\Controllers\Bengkel->Edit('1')
11 SYSTEMPATH\CodeIgniter.php(497): CodeIgniter\CodeIgniter->runController(Object(App\Controllers\Bengkel))
12 SYSTEMPATH\CodeIgniter.php(340): CodeIgniter\CodeIgniter->handleRequest(null, Object(Config\Cache), false)
13 SYSTEMPATH\Boot.php(417): CodeIgniter\CodeIgniter->run()
14 SYSTEMPATH\Boot.php(68): CodeIgniter\Boot::runCodeIgniter(Object(CodeIgniter\CodeIgniter))
15 FCPATH\index.php(59): CodeIgniter\Boot::bootWeb(Object(Config\Paths))
WARNING - 2026-06-16 03:54:08 --> [DEPRECATED] Creation of dynamic property App\Controllers\Bengkel::$ModelWilayah is deprecated in APPPATH\Controllers\Bengkel.php on line 15.
 1 SYSTEMPATH\CodeIgniter.php(921): App\Controllers\Bengkel->__construct()
 2 SYSTEMPATH\CodeIgniter.php(488): CodeIgniter\CodeIgniter->createController()
 3 SYSTEMPATH\CodeIgniter.php(340): CodeIgniter\CodeIgniter->handleRequest(null, Object(Config\Cache), false)
 4 SYSTEMPATH\Boot.php(417): CodeIgniter\CodeIgniter->run()
 5 SYSTEMPATH\Boot.php(68): CodeIgniter\Boot::runCodeIgniter(Object(CodeIgniter\CodeIgniter))
 6 FCPATH\index.php(59): CodeIgniter\Boot::bootWeb(Object(Config\Paths))
WARNING - 2026-06-16 03:54:08 --> [DEPRECATED] Creation of dynamic property App\Controllers\Bengkel::$ModelSetting is deprecated in APPPATH\Controllers\Bengkel.php on line 16.
 1 SYSTEMPATH\CodeIgniter.php(921): App\Controllers\Bengkel->__construct()
 2 SYSTEMPATH\CodeIgniter.php(488): CodeIgniter\CodeIgniter->createController()
 3 SYSTEMPATH\CodeIgniter.php(340): CodeIgniter\CodeIgniter->handleRequest(null, Object(Config\Cache), false)
 4 SYSTEMPATH\Boot.php(417): CodeIgniter\CodeIgniter->run()
 5 SYSTEMPATH\Boot.php(68): CodeIgniter\Boot::runCodeIgniter(Object(CodeIgniter\CodeIgniter))
 6 FCPATH\index.php(59): CodeIgniter\Boot::bootWeb(Object(Config\Paths))
WARNING - 2026-06-16 03:54:08 --> [DEPRECATED] Creation of dynamic property App\Controllers\Bengkel::$ModelBengkel is deprecated in APPPATH\Controllers\Bengkel.php on line 17.
 1 SYSTEMPATH\CodeIgniter.php(921): App\Controllers\Bengkel->__construct()
 2 SYSTEMPATH\CodeIgniter.php(488): CodeIgniter\CodeIgniter->createController()
 3 SYSTEMPATH\CodeIgniter.php(340): CodeIgniter\CodeIgniter->handleRequest(null, Object(Config\Cache), false)
 4 SYSTEMPATH\Boot.php(417): CodeIgniter\CodeIgniter->run()
 5 SYSTEMPATH\Boot.php(68): CodeIgniter\Boot::runCodeIgniter(Object(CodeIgniter\CodeIgniter))
 6 FCPATH\index.php(59): CodeIgniter\Boot::bootWeb(Object(Config\Paths))
WARNING - 2026-06-16 03:54:08 --> [DEPRECATED] Creation of dynamic property App\Controllers\Bengkel::$ModelKategori is deprecated in APPPATH\Controllers\Bengkel.php on line 18.
 1 SYSTEMPATH\CodeIgniter.php(921): App\Controllers\Bengkel->__construct()
 2 SYSTEMPATH\CodeIgniter.php(488): CodeIgniter\CodeIgniter->createController()
 3 SYSTEMPATH\CodeIgniter.php(340): CodeIgniter\CodeIgniter->handleRequest(null, Object(Config\Cache), false)
 4 SYSTEMPATH\Boot.php(417): CodeIgniter\CodeIgniter->run()
 5 SYSTEMPATH\Boot.php(68): CodeIgniter\Boot::runCodeIgniter(Object(CodeIgniter\CodeIgniter))
 6 FCPATH\index.php(59): CodeIgniter\Boot::bootWeb(Object(Config\Paths))
DEBUG - 2026-06-16 03:54:08 --> Session: Class initialized using 'CodeIgniter\Session\Handlers\FileHandler' driver.
WARNING - 2026-06-16 03:55:53 --> [DEPRECATED] Creation of dynamic property App\Controllers\Bengkel::$ModelWilayah is deprecated in APPPATH\Controllers\Bengkel.php on line 15.
 1 SYSTEMPATH\CodeIgniter.php(921): App\Controllers\Bengkel->__construct()
 2 SYSTEMPATH\CodeIgniter.php(488): CodeIgniter\CodeIgniter->createController()
 3 SYSTEMPATH\CodeIgniter.php(340): CodeIgniter\CodeIgniter->handleRequest(null, Object(Config\Cache), false)
 4 SYSTEMPATH\Boot.php(417): CodeIgniter\CodeIgniter->run()
 5 SYSTEMPATH\Boot.php(68): CodeIgniter\Boot::runCodeIgniter(Object(CodeIgniter\CodeIgniter))
 6 FCPATH\index.php(59): CodeIgniter\Boot::bootWeb(Object(Config\Paths))
WARNING - 2026-06-16 03:55:53 --> [DEPRECATED] Creation of dynamic property App\Controllers\Bengkel::$ModelSetting is deprecated in APPPATH\Controllers\Bengkel.php on line 16.
 1 SYSTEMPATH\CodeIgniter.php(921): App\Controllers\Bengkel->__construct()
 2 SYSTEMPATH\CodeIgniter.php(488): CodeIgniter\CodeIgniter->createController()
 3 SYSTEMPATH\CodeIgniter.php(340): CodeIgniter\CodeIgniter->handleRequest(null, Object(Config\Cache), false)
 4 SYSTEMPATH\Boot.php(417): CodeIgniter\CodeIgniter->run()
 5 SYSTEMPATH\Boot.php(68): CodeIgniter\Boot::runCodeIgniter(Object(CodeIgniter\CodeIgniter))
 6 FCPATH\index.php(59): CodeIgniter\Boot::bootWeb(Object(Config\Paths))
WARNING - 2026-06-16 03:55:53 --> [DEPRECATED] Creation of dynamic property App\Controllers\Bengkel::$ModelBengkel is deprecated in APPPATH\Controllers\Bengkel.php on line 17.
 1 SYSTEMPATH\CodeIgniter.php(921): App\Controllers\Bengkel->__construct()
 2 SYSTEMPATH\CodeIgniter.php(488): CodeIgniter\CodeIgniter->createController()
 3 SYSTEMPATH\CodeIgniter.php(340): CodeIgniter\CodeIgniter->handleRequest(null, Object(Config\Cache), false)
 4 SYSTEMPATH\Boot.php(417): CodeIgniter\CodeIgniter->run()
 5 SYSTEMPATH\Boot.php(68): CodeIgniter\Boot::runCodeIgniter(Object(CodeIgniter\CodeIgniter))
 6 FCPATH\index.php(59): CodeIgniter\Boot::bootWeb(Object(Config\Paths))
WARNING - 2026-06-16 03:55:53 --> [DEPRECATED] Creation of dynamic property App\Controllers\Bengkel::$ModelKategori is deprecated in APPPATH\Controllers\Bengkel.php on line 18.
 1 SYSTEMPATH\CodeIgniter.php(921): App\Controllers\Bengkel->__construct()
 2 SYSTEMPATH\CodeIgniter.php(488): CodeIgniter\CodeIgniter->createController()
 3 SYSTEMPATH\CodeIgniter.php(340): CodeIgniter\CodeIgniter->handleRequest(null, Object(Config\Cache), false)
 4 SYSTEMPATH\Boot.php(417): CodeIgniter\CodeIgniter->run()
 5 SYSTEMPATH\Boot.php(68): CodeIgniter\Boot::runCodeIgniter(Object(CodeIgniter\CodeIgniter))
 6 FCPATH\index.php(59): CodeIgniter\Boot::bootWeb(Object(Config\Paths))
DEBUG - 2026-06-16 03:55:53 --> Session: Class initialized using 'CodeIgniter\Session\Handlers\FileHandler' driver.
WARNING - 2026-06-16 03:59:57 --> [DEPRECATED] Creation of dynamic property App\Controllers\Bengkel::$ModelWilayah is deprecated in APPPATH\Controllers\Bengkel.php on line 15.
 1 SYSTEMPATH\CodeIgniter.php(921): App\Controllers\Bengkel->__construct()
 2 SYSTEMPATH\CodeIgniter.php(488): CodeIgniter\CodeIgniter->createController()
 3 SYSTEMPATH\CodeIgniter.php(340): CodeIgniter\CodeIgniter->handleRequest(null, Object(Config\Cache), false)
 4 SYSTEMPATH\Boot.php(417): CodeIgniter\CodeIgniter->run()
 5 SYSTEMPATH\Boot.php(68): CodeIgniter\Boot::runCodeIgniter(Object(CodeIgniter\CodeIgniter))
 6 FCPATH\index.php(59): CodeIgniter\Boot::bootWeb(Object(Config\Paths))
WARNING - 2026-06-16 03:59:57 --> [DEPRECATED] Creation of dynamic property App\Controllers\Bengkel::$ModelSetting is deprecated in APPPATH\Controllers\Bengkel.php on line 16.
 1 SYSTEMPATH\CodeIgniter.php(921): App\Controllers\Bengkel->__construct()
 2 SYSTEMPATH\CodeIgniter.php(488): CodeIgniter\CodeIgniter->createController()
 3 SYSTEMPATH\CodeIgniter.php(340): CodeIgniter\CodeIgniter->handleRequest(null, Object(Config\Cache), false)
 4 SYSTEMPATH\Boot.php(417): CodeIgniter\CodeIgniter->run()
 5 SYSTEMPATH\Boot.php(68): CodeIgniter\Boot::runCodeIgniter(Object(CodeIgniter\CodeIgniter))
 6 FCPATH\index.php(59): CodeIgniter\Boot::bootWeb(Object(Config\Paths))
WARNING - 2026-06-16 03:59:57 --> [DEPRECATED] Creation of dynamic property App\Controllers\Bengkel::$ModelBengkel is deprecated in APPPATH\Controllers\Bengkel.php on line 17.
 1 SYSTEMPATH\CodeIgniter.php(921): App\Controllers\Bengkel->__construct()
 2 SYSTEMPATH\CodeIgniter.php(488): CodeIgniter\CodeIgniter->createController()
 3 SYSTEMPATH\CodeIgniter.php(340): CodeIgniter\CodeIgniter->handleRequest(null, Object(Config\Cache), false)
 4 SYSTEMPATH\Boot.php(417): CodeIgniter\CodeIgniter->run()
 5 SYSTEMPATH\Boot.php(68): CodeIgniter\Boot::runCodeIgniter(Object(CodeIgniter\CodeIgniter))
 6 FCPATH\index.php(59): CodeIgniter\Boot::bootWeb(Object(Config\Paths))
WARNING - 2026-06-16 03:59:57 --> [DEPRECATED] Creation of dynamic property App\Controllers\Bengkel::$ModelKategori is deprecated in APPPATH\Controllers\Bengkel.php on line 18.
 1 SYSTEMPATH\CodeIgniter.php(921): App\Controllers\Bengkel->__construct()
 2 SYSTEMPATH\CodeIgniter.php(488): CodeIgniter\CodeIgniter->createController()
 3 SYSTEMPATH\CodeIgniter.php(340): CodeIgniter\CodeIgniter->handleRequest(null, Object(Config\Cache), false)
 4 SYSTEMPATH\Boot.php(417): CodeIgniter\CodeIgniter->run()
 5 SYSTEMPATH\Boot.php(68): CodeIgniter\Boot::runCodeIgniter(Object(CodeIgniter\CodeIgniter))
 6 FCPATH\index.php(59): CodeIgniter\Boot::bootWeb(Object(Config\Paths))
DEBUG - 2026-06-16 03:59:57 --> Session: Class initialized using 'CodeIgniter\Session\Handlers\FileHandler' driver.
CRITICAL - 2026-06-16 03:59:57 --> ErrorException: Undefined array key "sta"
[Method: GET, Route: Bengkel/Edit/1]
in APPPATH\Views\bengkel\v_edit.php on line 45.
 1 APPPATH\Views\bengkel\v_edit.php(45): CodeIgniter\Debug\Exceptions->errorHandler(2, 'Undefined array key "sta"', 'C:\\laragon\\www\\gis_bengkel\\app\\Views\\bengkel\\v_edit.php', 45)
 2 SYSTEMPATH\View\View.php(240): include('C:\\laragon\\www\\gis_bengkel\\app\\Views\\bengkel\\v_edit.php')
 3 SYSTEMPATH\View\View.php(243): CodeIgniter\View\View->{closure:CodeIgniter\View\View::render():237}()
 4 SYSTEMPATH\Common.php(1250): CodeIgniter\View\View->render('Bengkel/v_edit', [], true)
 5 APPPATH\Views\v_template_back_end.php(220): view('Bengkel/v_edit')
 6 SYSTEMPATH\View\View.php(240): include('C:\\laragon\\www\\gis_bengkel\\app\\Views\\v_template_back_end.php')
 7 SYSTEMPATH\View\View.php(243): CodeIgniter\View\View->{closure:CodeIgniter\View\View::render():237}()
 8 SYSTEMPATH\Common.php(1250): CodeIgniter\View\View->render('v_template_back_end', [], true)
 9 APPPATH\Controllers\Bengkel.php(108): view('v_template_back_end', [...])
10 SYSTEMPATH\CodeIgniter.php(951): App\Controllers\Bengkel->Edit('1')
11 SYSTEMPATH\CodeIgniter.php(497): CodeIgniter\CodeIgniter->runController(Object(App\Controllers\Bengkel))
12 SYSTEMPATH\CodeIgniter.php(340): CodeIgniter\CodeIgniter->handleRequest(null, Object(Config\Cache), false)
13 SYSTEMPATH\Boot.php(417): CodeIgniter\CodeIgniter->run()
14 SYSTEMPATH\Boot.php(68): CodeIgniter\Boot::runCodeIgniter(Object(CodeIgniter\CodeIgniter))
15 FCPATH\index.php(59): CodeIgniter\Boot::bootWeb(Object(Config\Paths))
WARNING - 2026-06-16 04:00:07 --> [DEPRECATED] Creation of dynamic property App\Controllers\Bengkel::$ModelWilayah is deprecated in APPPATH\Controllers\Bengkel.php on line 15.
 1 SYSTEMPATH\CodeIgniter.php(921): App\Controllers\Bengkel->__construct()
 2 SYSTEMPATH\CodeIgniter.php(488): CodeIgniter\CodeIgniter->createController()
 3 SYSTEMPATH\CodeIgniter.php(340): CodeIgniter\CodeIgniter->handleRequest(null, Object(Config\Cache), false)
 4 SYSTEMPATH\Boot.php(417): CodeIgniter\CodeIgniter->run()
 5 SYSTEMPATH\Boot.php(68): CodeIgniter\Boot::runCodeIgniter(Object(CodeIgniter\CodeIgniter))
 6 FCPATH\index.php(59): CodeIgniter\Boot::bootWeb(Object(Config\Paths))
WARNING - 2026-06-16 04:00:07 --> [DEPRECATED] Creation of dynamic property App\Controllers\Bengkel::$ModelSetting is deprecated in APPPATH\Controllers\Bengkel.php on line 16.
 1 SYSTEMPATH\CodeIgniter.php(921): App\Controllers\Bengkel->__construct()
 2 SYSTEMPATH\CodeIgniter.php(488): CodeIgniter\CodeIgniter->createController()
 3 SYSTEMPATH\CodeIgniter.php(340): CodeIgniter\CodeIgniter->handleRequest(null, Object(Config\Cache), false)
 4 SYSTEMPATH\Boot.php(417): CodeIgniter\CodeIgniter->run()
 5 SYSTEMPATH\Boot.php(68): CodeIgniter\Boot::runCodeIgniter(Object(CodeIgniter\CodeIgniter))
 6 FCPATH\index.php(59): CodeIgniter\Boot::bootWeb(Object(Config\Paths))
WARNING - 2026-06-16 04:00:07 --> [DEPRECATED] Creation of dynamic property App\Controllers\Bengkel::$ModelBengkel is deprecated in APPPATH\Controllers\Bengkel.php on line 17.
 1 SYSTEMPATH\CodeIgniter.php(921): App\Controllers\Bengkel->__construct()
 2 SYSTEMPATH\CodeIgniter.php(488): CodeIgniter\CodeIgniter->createController()
 3 SYSTEMPATH\CodeIgniter.php(340): CodeIgniter\CodeIgniter->handleRequest(null, Object(Config\Cache), false)
 4 SYSTEMPATH\Boot.php(417): CodeIgniter\CodeIgniter->run()
 5 SYSTEMPATH\Boot.php(68): CodeIgniter\Boot::runCodeIgniter(Object(CodeIgniter\CodeIgniter))
 6 FCPATH\index.php(59): CodeIgniter\Boot::bootWeb(Object(Config\Paths))
WARNING - 2026-06-16 04:00:07 --> [DEPRECATED] Creation of dynamic property App\Controllers\Bengkel::$ModelKategori is deprecated in APPPATH\Controllers\Bengkel.php on line 18.
 1 SYSTEMPATH\CodeIgniter.php(921): App\Controllers\Bengkel->__construct()
 2 SYSTEMPATH\CodeIgniter.php(488): CodeIgniter\CodeIgniter->createController()
 3 SYSTEMPATH\CodeIgniter.php(340): CodeIgniter\CodeIgniter->handleRequest(null, Object(Config\Cache), false)
 4 SYSTEMPATH\Boot.php(417): CodeIgniter\CodeIgniter->run()
 5 SYSTEMPATH\Boot.php(68): CodeIgniter\Boot::runCodeIgniter(Object(CodeIgniter\CodeIgniter))
 6 FCPATH\index.php(59): CodeIgniter\Boot::bootWeb(Object(Config\Paths))
DEBUG - 2026-06-16 04:00:07 --> Session: Class initialized using 'CodeIgniter\Session\Handlers\FileHandler' driver.
CRITICAL - 2026-06-16 04:00:07 --> ErrorException: Undefined array key "sta"
[Method: GET, Route: Bengkel/Edit/1]
in APPPATH\Views\bengkel\v_edit.php on line 45.
 1 APPPATH\Views\bengkel\v_edit.php(45): CodeIgniter\Debug\Exceptions->errorHandler(2, 'Undefined array key "sta"', 'C:\\laragon\\www\\gis_bengkel\\app\\Views\\bengkel\\v_edit.php', 45)
 2 SYSTEMPATH\View\View.php(240): include('C:\\laragon\\www\\gis_bengkel\\app\\Views\\bengkel\\v_edit.php')
 3 SYSTEMPATH\View\View.php(243): CodeIgniter\View\View->{closure:CodeIgniter\View\View::render():237}()
 4 SYSTEMPATH\Common.php(1250): CodeIgniter\View\View->render('Bengkel/v_edit', [], true)
 5 APPPATH\Views\v_template_back_end.php(220): view('Bengkel/v_edit')
 6 SYSTEMPATH\View\View.php(240): include('C:\\laragon\\www\\gis_bengkel\\app\\Views\\v_template_back_end.php')
 7 SYSTEMPATH\View\View.php(243): CodeIgniter\View\View->{closure:CodeIgniter\View\View::render():237}()
 8 SYSTEMPATH\Common.php(1250): CodeIgniter\View\View->render('v_template_back_end', [], true)
 9 APPPATH\Controllers\Bengkel.php(108): view('v_template_back_end', [...])
10 SYSTEMPATH\CodeIgniter.php(951): App\Controllers\Bengkel->Edit('1')
11 SYSTEMPATH\CodeIgniter.php(497): CodeIgniter\CodeIgniter->runController(Object(App\Controllers\Bengkel))
12 SYSTEMPATH\CodeIgniter.php(340): CodeIgniter\CodeIgniter->handleRequest(null, Object(Config\Cache), false)
13 SYSTEMPATH\Boot.php(417): CodeIgniter\CodeIgniter->run()
14 SYSTEMPATH\Boot.php(68): CodeIgniter\Boot::runCodeIgniter(Object(CodeIgniter\CodeIgniter))
15 FCPATH\index.php(59): CodeIgniter\Boot::bootWeb(Object(Config\Paths))
WARNING - 2026-06-16 04:00:08 --> [DEPRECATED] Creation of dynamic property App\Controllers\Bengkel::$ModelWilayah is deprecated in APPPATH\Controllers\Bengkel.php on line 15.
 1 SYSTEMPATH\CodeIgniter.php(921): App\Controllers\Bengkel->__construct()
 2 SYSTEMPATH\CodeIgniter.php(488): CodeIgniter\CodeIgniter->createController()
 3 SYSTEMPATH\CodeIgniter.php(340): CodeIgniter\CodeIgniter->handleRequest(null, Object(Config\Cache), false)
 4 SYSTEMPATH\Boot.php(417): CodeIgniter\CodeIgniter->run()
 5 SYSTEMPATH\Boot.php(68): CodeIgniter\Boot::runCodeIgniter(Object(CodeIgniter\CodeIgniter))
 6 FCPATH\index.php(59): CodeIgniter\Boot::bootWeb(Object(Config\Paths))
WARNING - 2026-06-16 04:00:08 --> [DEPRECATED] Creation of dynamic property App\Controllers\Bengkel::$ModelSetting is deprecated in APPPATH\Controllers\Bengkel.php on line 16.
 1 SYSTEMPATH\CodeIgniter.php(921): App\Controllers\Bengkel->__construct()
 2 SYSTEMPATH\CodeIgniter.php(488): CodeIgniter\CodeIgniter->createController()
 3 SYSTEMPATH\CodeIgniter.php(340): CodeIgniter\CodeIgniter->handleRequest(null, Object(Config\Cache), false)
 4 SYSTEMPATH\Boot.php(417): CodeIgniter\CodeIgniter->run()
 5 SYSTEMPATH\Boot.php(68): CodeIgniter\Boot::runCodeIgniter(Object(CodeIgniter\CodeIgniter))
 6 FCPATH\index.php(59): CodeIgniter\Boot::bootWeb(Object(Config\Paths))
WARNING - 2026-06-16 04:00:08 --> [DEPRECATED] Creation of dynamic property App\Controllers\Bengkel::$ModelBengkel is deprecated in APPPATH\Controllers\Bengkel.php on line 17.
 1 SYSTEMPATH\CodeIgniter.php(921): App\Controllers\Bengkel->__construct()
 2 SYSTEMPATH\CodeIgniter.php(488): CodeIgniter\CodeIgniter->createController()
 3 SYSTEMPATH\CodeIgniter.php(340): CodeIgniter\CodeIgniter->handleRequest(null, Object(Config\Cache), false)
 4 SYSTEMPATH\Boot.php(417): CodeIgniter\CodeIgniter->run()
 5 SYSTEMPATH\Boot.php(68): CodeIgniter\Boot::runCodeIgniter(Object(CodeIgniter\CodeIgniter))
 6 FCPATH\index.php(59): CodeIgniter\Boot::bootWeb(Object(Config\Paths))
WARNING - 2026-06-16 04:00:08 --> [DEPRECATED] Creation of dynamic property App\Controllers\Bengkel::$ModelKategori is deprecated in APPPATH\Controllers\Bengkel.php on line 18.
 1 SYSTEMPATH\CodeIgniter.php(921): App\Controllers\Bengkel->__construct()
 2 SYSTEMPATH\CodeIgniter.php(488): CodeIgniter\CodeIgniter->createController()
 3 SYSTEMPATH\CodeIgniter.php(340): CodeIgniter\CodeIgniter->handleRequest(null, Object(Config\Cache), false)
 4 SYSTEMPATH\Boot.php(417): CodeIgniter\CodeIgniter->run()
 5 SYSTEMPATH\Boot.php(68): CodeIgniter\Boot::runCodeIgniter(Object(CodeIgniter\CodeIgniter))
 6 FCPATH\index.php(59): CodeIgniter\Boot::bootWeb(Object(Config\Paths))
DEBUG - 2026-06-16 04:00:08 --> Session: Class initialized using 'CodeIgniter\Session\Handlers\FileHandler' driver.
CRITICAL - 2026-06-16 04:00:08 --> ErrorException: Undefined array key "sta"
[Method: GET, Route: Bengkel/Edit/1]
in APPPATH\Views\bengkel\v_edit.php on line 45.
 1 APPPATH\Views\bengkel\v_edit.php(45): CodeIgniter\Debug\Exceptions->errorHandler(2, 'Undefined array key "sta"', 'C:\\laragon\\www\\gis_bengkel\\app\\Views\\bengkel\\v_edit.php', 45)
 2 SYSTEMPATH\View\View.php(240): include('C:\\laragon\\www\\gis_bengkel\\app\\Views\\bengkel\\v_edit.php')
 3 SYSTEMPATH\View\View.php(243): CodeIgniter\View\View->{closure:CodeIgniter\View\View::render():237}()
 4 SYSTEMPATH\Common.php(1250): CodeIgniter\View\View->render('Bengkel/v_edit', [], true)
 5 APPPATH\Views\v_template_back_end.php(220): view('Bengkel/v_edit')
 6 SYSTEMPATH\View\View.php(240): include('C:\\laragon\\www\\gis_bengkel\\app\\Views\\v_template_back_end.php')
 7 SYSTEMPATH\View\View.php(243): CodeIgniter\View\View->{closure:CodeIgniter\View\View::render():237}()
 8 SYSTEMPATH\Common.php(1250): CodeIgniter\View\View->render('v_template_back_end', [], true)
 9 APPPATH\Controllers\Bengkel.php(108): view('v_template_back_end', [...])
10 SYSTEMPATH\CodeIgniter.php(951): App\Controllers\Bengkel->Edit('1')
11 SYSTEMPATH\CodeIgniter.php(497): CodeIgniter\CodeIgniter->runController(Object(App\Controllers\Bengkel))
12 SYSTEMPATH\CodeIgniter.php(340): CodeIgniter\CodeIgniter->handleRequest(null, Object(Config\Cache), false)
13 SYSTEMPATH\Boot.php(417): CodeIgniter\CodeIgniter->run()
14 SYSTEMPATH\Boot.php(68): CodeIgniter\Boot::runCodeIgniter(Object(CodeIgniter\CodeIgniter))
15 FCPATH\index.php(59): CodeIgniter\Boot::bootWeb(Object(Config\Paths))
WARNING - 2026-06-16 04:00:08 --> [DEPRECATED] Creation of dynamic property App\Controllers\Bengkel::$ModelWilayah is deprecated in APPPATH\Controllers\Bengkel.php on line 15.
 1 SYSTEMPATH\CodeIgniter.php(921): App\Controllers\Bengkel->__construct()
 2 SYSTEMPATH\CodeIgniter.php(488): CodeIgniter\CodeIgniter->createController()
 3 SYSTEMPATH\CodeIgniter.php(340): CodeIgniter\CodeIgniter->handleRequest(null, Object(Config\Cache), false)
 4 SYSTEMPATH\Boot.php(417): CodeIgniter\CodeIgniter->run()
 5 SYSTEMPATH\Boot.php(68): CodeIgniter\Boot::runCodeIgniter(Object(CodeIgniter\CodeIgniter))
 6 FCPATH\index.php(59): CodeIgniter\Boot::bootWeb(Object(Config\Paths))
WARNING - 2026-06-16 04:00:08 --> [DEPRECATED] Creation of dynamic property App\Controllers\Bengkel::$ModelSetting is deprecated in APPPATH\Controllers\Bengkel.php on line 16.
 1 SYSTEMPATH\CodeIgniter.php(921): App\Controllers\Bengkel->__construct()
 2 SYSTEMPATH\CodeIgniter.php(488): CodeIgniter\CodeIgniter->createController()
 3 SYSTEMPATH\CodeIgniter.php(340): CodeIgniter\CodeIgniter->handleRequest(null, Object(Config\Cache), false)
 4 SYSTEMPATH\Boot.php(417): CodeIgniter\CodeIgniter->run()
 5 SYSTEMPATH\Boot.php(68): CodeIgniter\Boot::runCodeIgniter(Object(CodeIgniter\CodeIgniter))
 6 FCPATH\index.php(59): CodeIgniter\Boot::bootWeb(Object(Config\Paths))
WARNING - 2026-06-16 04:00:08 --> [DEPRECATED] Creation of dynamic property App\Controllers\Bengkel::$ModelBengkel is deprecated in APPPATH\Controllers\Bengkel.php on line 17.
 1 SYSTEMPATH\CodeIgniter.php(921): App\Controllers\Bengkel->__construct()
 2 SYSTEMPATH\CodeIgniter.php(488): CodeIgniter\CodeIgniter->createController()
 3 SYSTEMPATH\CodeIgniter.php(340): CodeIgniter\CodeIgniter->handleRequest(null, Object(Config\Cache), false)
 4 SYSTEMPATH\Boot.php(417): CodeIgniter\CodeIgniter->run()
 5 SYSTEMPATH\Boot.php(68): CodeIgniter\Boot::runCodeIgniter(Object(CodeIgniter\CodeIgniter))
 6 FCPATH\index.php(59): CodeIgniter\Boot::bootWeb(Object(Config\Paths))
WARNING - 2026-06-16 04:00:08 --> [DEPRECATED] Creation of dynamic property App\Controllers\Bengkel::$ModelKategori is deprecated in APPPATH\Controllers\Bengkel.php on line 18.
 1 SYSTEMPATH\CodeIgniter.php(921): App\Controllers\Bengkel->__construct()
 2 SYSTEMPATH\CodeIgniter.php(488): CodeIgniter\CodeIgniter->createController()
 3 SYSTEMPATH\CodeIgniter.php(340): CodeIgniter\CodeIgniter->handleRequest(null, Object(Config\Cache), false)
 4 SYSTEMPATH\Boot.php(417): CodeIgniter\CodeIgniter->run()
 5 SYSTEMPATH\Boot.php(68): CodeIgniter\Boot::runCodeIgniter(Object(CodeIgniter\CodeIgniter))
 6 FCPATH\index.php(59): CodeIgniter\Boot::bootWeb(Object(Config\Paths))
DEBUG - 2026-06-16 04:00:08 --> Session: Class initialized using 'CodeIgniter\Session\Handlers\FileHandler' driver.
CRITICAL - 2026-06-16 04:00:08 --> ErrorException: Undefined array key "sta"
[Method: GET, Route: Bengkel/Edit/1]
in APPPATH\Views\bengkel\v_edit.php on line 45.
 1 APPPATH\Views\bengkel\v_edit.php(45): CodeIgniter\Debug\Exceptions->errorHandler(2, 'Undefined array key "sta"', 'C:\\laragon\\www\\gis_bengkel\\app\\Views\\bengkel\\v_edit.php', 45)
 2 SYSTEMPATH\View\View.php(240): include('C:\\laragon\\www\\gis_bengkel\\app\\Views\\bengkel\\v_edit.php')
 3 SYSTEMPATH\View\View.php(243): CodeIgniter\View\View->{closure:CodeIgniter\View\View::render():237}()
 4 SYSTEMPATH\Common.php(1250): CodeIgniter\View\View->render('Bengkel/v_edit', [], true)
 5 APPPATH\Views\v_template_back_end.php(220): view('Bengkel/v_edit')
 6 SYSTEMPATH\View\View.php(240): include('C:\\laragon\\www\\gis_bengkel\\app\\Views\\v_template_back_end.php')
 7 SYSTEMPATH\View\View.php(243): CodeIgniter\View\View->{closure:CodeIgniter\View\View::render():237}()
 8 SYSTEMPATH\Common.php(1250): CodeIgniter\View\View->render('v_template_back_end', [], true)
 9 APPPATH\Controllers\Bengkel.php(108): view('v_template_back_end', [...])
10 SYSTEMPATH\CodeIgniter.php(951): App\Controllers\Bengkel->Edit('1')
11 SYSTEMPATH\CodeIgniter.php(497): CodeIgniter\CodeIgniter->runController(Object(App\Controllers\Bengkel))
12 SYSTEMPATH\CodeIgniter.php(340): CodeIgniter\CodeIgniter->handleRequest(null, Object(Config\Cache), false)
13 SYSTEMPATH\Boot.php(417): CodeIgniter\CodeIgniter->run()
14 SYSTEMPATH\Boot.php(68): CodeIgniter\Boot::runCodeIgniter(Object(CodeIgniter\CodeIgniter))
15 FCPATH\index.php(59): CodeIgniter\Boot::bootWeb(Object(Config\Paths))
WARNING - 2026-06-16 04:00:24 --> [DEPRECATED] Creation of dynamic property App\Controllers\Bengkel::$ModelWilayah is deprecated in APPPATH\Controllers\Bengkel.php on line 15.
 1 SYSTEMPATH\CodeIgniter.php(921): App\Controllers\Bengkel->__construct()
 2 SYSTEMPATH\CodeIgniter.php(488): CodeIgniter\CodeIgniter->createController()
 3 SYSTEMPATH\CodeIgniter.php(340): CodeIgniter\CodeIgniter->handleRequest(null, Object(Config\Cache), false)
 4 SYSTEMPATH\Boot.php(417): CodeIgniter\CodeIgniter->run()
 5 SYSTEMPATH\Boot.php(68): CodeIgniter\Boot::runCodeIgniter(Object(CodeIgniter\CodeIgniter))
 6 FCPATH\index.php(59): CodeIgniter\Boot::bootWeb(Object(Config\Paths))
WARNING - 2026-06-16 04:00:24 --> [DEPRECATED] Creation of dynamic property App\Controllers\Bengkel::$ModelSetting is deprecated in APPPATH\Controllers\Bengkel.php on line 16.
 1 SYSTEMPATH\CodeIgniter.php(921): App\Controllers\Bengkel->__construct()
 2 SYSTEMPATH\CodeIgniter.php(488): CodeIgniter\CodeIgniter->createController()
 3 SYSTEMPATH\CodeIgniter.php(340): CodeIgniter\CodeIgniter->handleRequest(null, Object(Config\Cache), false)
 4 SYSTEMPATH\Boot.php(417): CodeIgniter\CodeIgniter->run()
 5 SYSTEMPATH\Boot.php(68): CodeIgniter\Boot::runCodeIgniter(Object(CodeIgniter\CodeIgniter))
 6 FCPATH\index.php(59): CodeIgniter\Boot::bootWeb(Object(Config\Paths))
WARNING - 2026-06-16 04:00:24 --> [DEPRECATED] Creation of dynamic property App\Controllers\Bengkel::$ModelBengkel is deprecated in APPPATH\Controllers\Bengkel.php on line 17.
 1 SYSTEMPATH\CodeIgniter.php(921): App\Controllers\Bengkel->__construct()
 2 SYSTEMPATH\CodeIgniter.php(488): CodeIgniter\CodeIgniter->createController()
 3 SYSTEMPATH\CodeIgniter.php(340): CodeIgniter\CodeIgniter->handleRequest(null, Object(Config\Cache), false)
 4 SYSTEMPATH\Boot.php(417): CodeIgniter\CodeIgniter->run()
 5 SYSTEMPATH\Boot.php(68): CodeIgniter\Boot::runCodeIgniter(Object(CodeIgniter\CodeIgniter))
 6 FCPATH\index.php(59): CodeIgniter\Boot::bootWeb(Object(Config\Paths))
WARNING - 2026-06-16 04:00:24 --> [DEPRECATED] Creation of dynamic property App\Controllers\Bengkel::$ModelKategori is deprecated in APPPATH\Controllers\Bengkel.php on line 18.
 1 SYSTEMPATH\CodeIgniter.php(921): App\Controllers\Bengkel->__construct()
 2 SYSTEMPATH\CodeIgniter.php(488): CodeIgniter\CodeIgniter->createController()
 3 SYSTEMPATH\CodeIgniter.php(340): CodeIgniter\CodeIgniter->handleRequest(null, Object(Config\Cache), false)
 4 SYSTEMPATH\Boot.php(417): CodeIgniter\CodeIgniter->run()
 5 SYSTEMPATH\Boot.php(68): CodeIgniter\Boot::runCodeIgniter(Object(CodeIgniter\CodeIgniter))
 6 FCPATH\index.php(59): CodeIgniter\Boot::bootWeb(Object(Config\Paths))
DEBUG - 2026-06-16 04:00:24 --> Session: Class initialized using 'CodeIgniter\Session\Handlers\FileHandler' driver.
WARNING - 2026-06-16 04:00:24 --> [DEPRECATED] Creation of dynamic property App\Controllers\Bengkel::$ModelWilayah is deprecated in APPPATH\Controllers\Bengkel.php on line 15.
 1 SYSTEMPATH\CodeIgniter.php(921): App\Controllers\Bengkel->__construct()
 2 SYSTEMPATH\CodeIgniter.php(488): CodeIgniter\CodeIgniter->createController()
 3 SYSTEMPATH\CodeIgniter.php(340): CodeIgniter\CodeIgniter->handleRequest(null, Object(Config\Cache), false)
 4 SYSTEMPATH\Boot.php(417): CodeIgniter\CodeIgniter->run()
 5 SYSTEMPATH\Boot.php(68): CodeIgniter\Boot::runCodeIgniter(Object(CodeIgniter\CodeIgniter))
 6 FCPATH\index.php(59): CodeIgniter\Boot::bootWeb(Object(Config\Paths))
WARNING - 2026-06-16 04:00:24 --> [DEPRECATED] Creation of dynamic property App\Controllers\Bengkel::$ModelSetting is deprecated in APPPATH\Controllers\Bengkel.php on line 16.
 1 SYSTEMPATH\CodeIgniter.php(921): App\Controllers\Bengkel->__construct()
 2 SYSTEMPATH\CodeIgniter.php(488): CodeIgniter\CodeIgniter->createController()
 3 SYSTEMPATH\CodeIgniter.php(340): CodeIgniter\CodeIgniter->handleRequest(null, Object(Config\Cache), false)
 4 SYSTEMPATH\Boot.php(417): CodeIgniter\CodeIgniter->run()
 5 SYSTEMPATH\Boot.php(68): CodeIgniter\Boot::runCodeIgniter(Object(CodeIgniter\CodeIgniter))
 6 FCPATH\index.php(59): CodeIgniter\Boot::bootWeb(Object(Config\Paths))
WARNING - 2026-06-16 04:00:24 --> [DEPRECATED] Creation of dynamic property App\Controllers\Bengkel::$ModelBengkel is deprecated in APPPATH\Controllers\Bengkel.php on line 17.
 1 SYSTEMPATH\CodeIgniter.php(921): App\Controllers\Bengkel->__construct()
 2 SYSTEMPATH\CodeIgniter.php(488): CodeIgniter\CodeIgniter->createController()
 3 SYSTEMPATH\CodeIgniter.php(340): CodeIgniter\CodeIgniter->handleRequest(null, Object(Config\Cache), false)
 4 SYSTEMPATH\Boot.php(417): CodeIgniter\CodeIgniter->run()
 5 SYSTEMPATH\Boot.php(68): CodeIgniter\Boot::runCodeIgniter(Object(CodeIgniter\CodeIgniter))
 6 FCPATH\index.php(59): CodeIgniter\Boot::bootWeb(Object(Config\Paths))
WARNING - 2026-06-16 04:00:24 --> [DEPRECATED] Creation of dynamic property App\Controllers\Bengkel::$ModelKategori is deprecated in APPPATH\Controllers\Bengkel.php on line 18.
 1 SYSTEMPATH\CodeIgniter.php(921): App\Controllers\Bengkel->__construct()
 2 SYSTEMPATH\CodeIgniter.php(488): CodeIgniter\CodeIgniter->createController()
 3 SYSTEMPATH\CodeIgniter.php(340): CodeIgniter\CodeIgniter->handleRequest(null, Object(Config\Cache), false)
 4 SYSTEMPATH\Boot.php(417): CodeIgniter\CodeIgniter->run()
 5 SYSTEMPATH\Boot.php(68): CodeIgniter\Boot::runCodeIgniter(Object(CodeIgniter\CodeIgniter))
 6 FCPATH\index.php(59): CodeIgniter\Boot::bootWeb(Object(Config\Paths))
DEBUG - 2026-06-16 04:00:24 --> Session: Class initialized using 'CodeIgniter\Session\Handlers\FileHandler' driver.
WARNING - 2026-06-16 04:00:24 --> [DEPRECATED] Creation of dynamic property App\Controllers\Bengkel::$ModelWilayah is deprecated in APPPATH\Controllers\Bengkel.php on line 15.
 1 SYSTEMPATH\CodeIgniter.php(921): App\Controllers\Bengkel->__construct()
 2 SYSTEMPATH\CodeIgniter.php(488): CodeIgniter\CodeIgniter->createController()
 3 SYSTEMPATH\CodeIgniter.php(340): CodeIgniter\CodeIgniter->handleRequest(null, Object(Config\Cache), false)
 4 SYSTEMPATH\Boot.php(417): CodeIgniter\CodeIgniter->run()
 5 SYSTEMPATH\Boot.php(68): CodeIgniter\Boot::runCodeIgniter(Object(CodeIgniter\CodeIgniter))
 6 FCPATH\index.php(59): CodeIgniter\Boot::bootWeb(Object(Config\Paths))
WARNING - 2026-06-16 04:00:24 --> [DEPRECATED] Creation of dynamic property App\Controllers\Bengkel::$ModelSetting is deprecated in APPPATH\Controllers\Bengkel.php on line 16.
 1 SYSTEMPATH\CodeIgniter.php(921): App\Controllers\Bengkel->__construct()
 2 SYSTEMPATH\CodeIgniter.php(488): CodeIgniter\CodeIgniter->createController()
 3 SYSTEMPATH\CodeIgniter.php(340): CodeIgniter\CodeIgniter->handleRequest(null, Object(Config\Cache), false)
 4 SYSTEMPATH\Boot.php(417): CodeIgniter\CodeIgniter->run()
 5 SYSTEMPATH\Boot.php(68): CodeIgniter\Boot::runCodeIgniter(Object(CodeIgniter\CodeIgniter))
 6 FCPATH\index.php(59): CodeIgniter\Boot::bootWeb(Object(Config\Paths))
WARNING - 2026-06-16 04:00:24 --> [DEPRECATED] Creation of dynamic property App\Controllers\Bengkel::$ModelBengkel is deprecated in APPPATH\Controllers\Bengkel.php on line 17.
 1 SYSTEMPATH\CodeIgniter.php(921): App\Controllers\Bengkel->__construct()
 2 SYSTEMPATH\CodeIgniter.php(488): CodeIgniter\CodeIgniter->createController()
 3 SYSTEMPATH\CodeIgniter.php(340): CodeIgniter\CodeIgniter->handleRequest(null, Object(Config\Cache), false)
 4 SYSTEMPATH\Boot.php(417): CodeIgniter\CodeIgniter->run()
 5 SYSTEMPATH\Boot.php(68): CodeIgniter\Boot::runCodeIgniter(Object(CodeIgniter\CodeIgniter))
 6 FCPATH\index.php(59): CodeIgniter\Boot::bootWeb(Object(Config\Paths))
WARNING - 2026-06-16 04:00:24 --> [DEPRECATED] Creation of dynamic property App\Controllers\Bengkel::$ModelKategori is deprecated in APPPATH\Controllers\Bengkel.php on line 18.
 1 SYSTEMPATH\CodeIgniter.php(921): App\Controllers\Bengkel->__construct()
 2 SYSTEMPATH\CodeIgniter.php(488): CodeIgniter\CodeIgniter->createController()
 3 SYSTEMPATH\CodeIgniter.php(340): CodeIgniter\CodeIgniter->handleRequest(null, Object(Config\Cache), false)
 4 SYSTEMPATH\Boot.php(417): CodeIgniter\CodeIgniter->run()
 5 SYSTEMPATH\Boot.php(68): CodeIgniter\Boot::runCodeIgniter(Object(CodeIgniter\CodeIgniter))
 6 FCPATH\index.php(59): CodeIgniter\Boot::bootWeb(Object(Config\Paths))
DEBUG - 2026-06-16 04:00:24 --> Session: Class initialized using 'CodeIgniter\Session\Handlers\FileHandler' driver.
WARNING - 2026-06-16 04:03:37 --> [DEPRECATED] Creation of dynamic property App\Controllers\Bengkel::$ModelWilayah is deprecated in APPPATH\Controllers\Bengkel.php on line 15.
 1 SYSTEMPATH\CodeIgniter.php(921): App\Controllers\Bengkel->__construct()
 2 SYSTEMPATH\CodeIgniter.php(488): CodeIgniter\CodeIgniter->createController()
 3 SYSTEMPATH\CodeIgniter.php(340): CodeIgniter\CodeIgniter->handleRequest(null, Object(Config\Cache), false)
 4 SYSTEMPATH\Boot.php(417): CodeIgniter\CodeIgniter->run()
 5 SYSTEMPATH\Boot.php(68): CodeIgniter\Boot::runCodeIgniter(Object(CodeIgniter\CodeIgniter))
 6 FCPATH\index.php(59): CodeIgniter\Boot::bootWeb(Object(Config\Paths))
WARNING - 2026-06-16 04:03:37 --> [DEPRECATED] Creation of dynamic property App\Controllers\Bengkel::$ModelSetting is deprecated in APPPATH\Controllers\Bengkel.php on line 16.
 1 SYSTEMPATH\CodeIgniter.php(921): App\Controllers\Bengkel->__construct()
 2 SYSTEMPATH\CodeIgniter.php(488): CodeIgniter\CodeIgniter->createController()
 3 SYSTEMPATH\CodeIgniter.php(340): CodeIgniter\CodeIgniter->handleRequest(null, Object(Config\Cache), false)
 4 SYSTEMPATH\Boot.php(417): CodeIgniter\CodeIgniter->run()
 5 SYSTEMPATH\Boot.php(68): CodeIgniter\Boot::runCodeIgniter(Object(CodeIgniter\CodeIgniter))
 6 FCPATH\index.php(59): CodeIgniter\Boot::bootWeb(Object(Config\Paths))
WARNING - 2026-06-16 04:03:37 --> [DEPRECATED] Creation of dynamic property App\Controllers\Bengkel::$ModelBengkel is deprecated in APPPATH\Controllers\Bengkel.php on line 17.
 1 SYSTEMPATH\CodeIgniter.php(921): App\Controllers\Bengkel->__construct()
 2 SYSTEMPATH\CodeIgniter.php(488): CodeIgniter\CodeIgniter->createController()
 3 SYSTEMPATH\CodeIgniter.php(340): CodeIgniter\CodeIgniter->handleRequest(null, Object(Config\Cache), false)
 4 SYSTEMPATH\Boot.php(417): CodeIgniter\CodeIgniter->run()
 5 SYSTEMPATH\Boot.php(68): CodeIgniter\Boot::runCodeIgniter(Object(CodeIgniter\CodeIgniter))
 6 FCPATH\index.php(59): CodeIgniter\Boot::bootWeb(Object(Config\Paths))
WARNING - 2026-06-16 04:03:37 --> [DEPRECATED] Creation of dynamic property App\Controllers\Bengkel::$ModelKategori is deprecated in APPPATH\Controllers\Bengkel.php on line 18.
 1 SYSTEMPATH\CodeIgniter.php(921): App\Controllers\Bengkel->__construct()
 2 SYSTEMPATH\CodeIgniter.php(488): CodeIgniter\CodeIgniter->createController()
 3 SYSTEMPATH\CodeIgniter.php(340): CodeIgniter\CodeIgniter->handleRequest(null, Object(Config\Cache), false)
 4 SYSTEMPATH\Boot.php(417): CodeIgniter\CodeIgniter->run()
 5 SYSTEMPATH\Boot.php(68): CodeIgniter\Boot::runCodeIgniter(Object(CodeIgniter\CodeIgniter))
 6 FCPATH\index.php(59): CodeIgniter\Boot::bootWeb(Object(Config\Paths))
DEBUG - 2026-06-16 04:03:37 --> Session: Class initialized using 'CodeIgniter\Session\Handlers\FileHandler' driver.
WARNING - 2026-06-16 04:05:47 --> [DEPRECATED] Creation of dynamic property App\Controllers\Bengkel::$ModelWilayah is deprecated in APPPATH\Controllers\Bengkel.php on line 15.
 1 SYSTEMPATH\CodeIgniter.php(921): App\Controllers\Bengkel->__construct()
 2 SYSTEMPATH\CodeIgniter.php(488): CodeIgniter\CodeIgniter->createController()
 3 SYSTEMPATH\CodeIgniter.php(340): CodeIgniter\CodeIgniter->handleRequest(null, Object(Config\Cache), false)
 4 SYSTEMPATH\Boot.php(417): CodeIgniter\CodeIgniter->run()
 5 SYSTEMPATH\Boot.php(68): CodeIgniter\Boot::runCodeIgniter(Object(CodeIgniter\CodeIgniter))
 6 FCPATH\index.php(59): CodeIgniter\Boot::bootWeb(Object(Config\Paths))
WARNING - 2026-06-16 04:05:47 --> [DEPRECATED] Creation of dynamic property App\Controllers\Bengkel::$ModelSetting is deprecated in APPPATH\Controllers\Bengkel.php on line 16.
 1 SYSTEMPATH\CodeIgniter.php(921): App\Controllers\Bengkel->__construct()
 2 SYSTEMPATH\CodeIgniter.php(488): CodeIgniter\CodeIgniter->createController()
 3 SYSTEMPATH\CodeIgniter.php(340): CodeIgniter\CodeIgniter->handleRequest(null, Object(Config\Cache), false)
 4 SYSTEMPATH\Boot.php(417): CodeIgniter\CodeIgniter->run()
 5 SYSTEMPATH\Boot.php(68): CodeIgniter\Boot::runCodeIgniter(Object(CodeIgniter\CodeIgniter))
 6 FCPATH\index.php(59): CodeIgniter\Boot::bootWeb(Object(Config\Paths))
WARNING - 2026-06-16 04:05:47 --> [DEPRECATED] Creation of dynamic property App\Controllers\Bengkel::$ModelBengkel is deprecated in APPPATH\Controllers\Bengkel.php on line 17.
 1 SYSTEMPATH\CodeIgniter.php(921): App\Controllers\Bengkel->__construct()
 2 SYSTEMPATH\CodeIgniter.php(488): CodeIgniter\CodeIgniter->createController()
 3 SYSTEMPATH\CodeIgniter.php(340): CodeIgniter\CodeIgniter->handleRequest(null, Object(Config\Cache), false)
 4 SYSTEMPATH\Boot.php(417): CodeIgniter\CodeIgniter->run()
 5 SYSTEMPATH\Boot.php(68): CodeIgniter\Boot::runCodeIgniter(Object(CodeIgniter\CodeIgniter))
 6 FCPATH\index.php(59): CodeIgniter\Boot::bootWeb(Object(Config\Paths))
WARNING - 2026-06-16 04:05:47 --> [DEPRECATED] Creation of dynamic property App\Controllers\Bengkel::$ModelKategori is deprecated in APPPATH\Controllers\Bengkel.php on line 18.
 1 SYSTEMPATH\CodeIgniter.php(921): App\Controllers\Bengkel->__construct()
 2 SYSTEMPATH\CodeIgniter.php(488): CodeIgniter\CodeIgniter->createController()
 3 SYSTEMPATH\CodeIgniter.php(340): CodeIgniter\CodeIgniter->handleRequest(null, Object(Config\Cache), false)
 4 SYSTEMPATH\Boot.php(417): CodeIgniter\CodeIgniter->run()
 5 SYSTEMPATH\Boot.php(68): CodeIgniter\Boot::runCodeIgniter(Object(CodeIgniter\CodeIgniter))
 6 FCPATH\index.php(59): CodeIgniter\Boot::bootWeb(Object(Config\Paths))
DEBUG - 2026-06-16 04:05:47 --> Session: Class initialized using 'CodeIgniter\Session\Handlers\FileHandler' driver.
WARNING - 2026-06-16 04:06:07 --> [DEPRECATED] Creation of dynamic property App\Controllers\Bengkel::$ModelWilayah is deprecated in APPPATH\Controllers\Bengkel.php on line 15.
 1 SYSTEMPATH\CodeIgniter.php(921): App\Controllers\Bengkel->__construct()
 2 SYSTEMPATH\CodeIgniter.php(488): CodeIgniter\CodeIgniter->createController()
 3 SYSTEMPATH\CodeIgniter.php(340): CodeIgniter\CodeIgniter->handleRequest(null, Object(Config\Cache), false)
 4 SYSTEMPATH\Boot.php(417): CodeIgniter\CodeIgniter->run()
 5 SYSTEMPATH\Boot.php(68): CodeIgniter\Boot::runCodeIgniter(Object(CodeIgniter\CodeIgniter))
 6 FCPATH\index.php(59): CodeIgniter\Boot::bootWeb(Object(Config\Paths))
WARNING - 2026-06-16 04:06:07 --> [DEPRECATED] Creation of dynamic property App\Controllers\Bengkel::$ModelSetting is deprecated in APPPATH\Controllers\Bengkel.php on line 16.
 1 SYSTEMPATH\CodeIgniter.php(921): App\Controllers\Bengkel->__construct()
 2 SYSTEMPATH\CodeIgniter.php(488): CodeIgniter\CodeIgniter->createController()
 3 SYSTEMPATH\CodeIgniter.php(340): CodeIgniter\CodeIgniter->handleRequest(null, Object(Config\Cache), false)
 4 SYSTEMPATH\Boot.php(417): CodeIgniter\CodeIgniter->run()
 5 SYSTEMPATH\Boot.php(68): CodeIgniter\Boot::runCodeIgniter(Object(CodeIgniter\CodeIgniter))
 6 FCPATH\index.php(59): CodeIgniter\Boot::bootWeb(Object(Config\Paths))
WARNING - 2026-06-16 04:06:07 --> [DEPRECATED] Creation of dynamic property App\Controllers\Bengkel::$ModelBengkel is deprecated in APPPATH\Controllers\Bengkel.php on line 17.
 1 SYSTEMPATH\CodeIgniter.php(921): App\Controllers\Bengkel->__construct()
 2 SYSTEMPATH\CodeIgniter.php(488): CodeIgniter\CodeIgniter->createController()
 3 SYSTEMPATH\CodeIgniter.php(340): CodeIgniter\CodeIgniter->handleRequest(null, Object(Config\Cache), false)
 4 SYSTEMPATH\Boot.php(417): CodeIgniter\CodeIgniter->run()
 5 SYSTEMPATH\Boot.php(68): CodeIgniter\Boot::runCodeIgniter(Object(CodeIgniter\CodeIgniter))
 6 FCPATH\index.php(59): CodeIgniter\Boot::bootWeb(Object(Config\Paths))
WARNING - 2026-06-16 04:06:07 --> [DEPRECATED] Creation of dynamic property App\Controllers\Bengkel::$ModelKategori is deprecated in APPPATH\Controllers\Bengkel.php on line 18.
 1 SYSTEMPATH\CodeIgniter.php(921): App\Controllers\Bengkel->__construct()
 2 SYSTEMPATH\CodeIgniter.php(488): CodeIgniter\CodeIgniter->createController()
 3 SYSTEMPATH\CodeIgniter.php(340): CodeIgniter\CodeIgniter->handleRequest(null, Object(Config\Cache), false)
 4 SYSTEMPATH\Boot.php(417): CodeIgniter\CodeIgniter->run()
 5 SYSTEMPATH\Boot.php(68): CodeIgniter\Boot::runCodeIgniter(Object(CodeIgniter\CodeIgniter))
 6 FCPATH\index.php(59): CodeIgniter\Boot::bootWeb(Object(Config\Paths))
DEBUG - 2026-06-16 04:06:07 --> Session: Class initialized using 'CodeIgniter\Session\Handlers\FileHandler' driver.
WARNING - 2026-06-16 04:06:07 --> [DEPRECATED] Creation of dynamic property App\Controllers\Bengkel::$ModelWilayah is deprecated in APPPATH\Controllers\Bengkel.php on line 15.
 1 SYSTEMPATH\CodeIgniter.php(921): App\Controllers\Bengkel->__construct()
 2 SYSTEMPATH\CodeIgniter.php(488): CodeIgniter\CodeIgniter->createController()
 3 SYSTEMPATH\CodeIgniter.php(340): CodeIgniter\CodeIgniter->handleRequest(null, Object(Config\Cache), false)
 4 SYSTEMPATH\Boot.php(417): CodeIgniter\CodeIgniter->run()
 5 SYSTEMPATH\Boot.php(68): CodeIgniter\Boot::runCodeIgniter(Object(CodeIgniter\CodeIgniter))
 6 FCPATH\index.php(59): CodeIgniter\Boot::bootWeb(Object(Config\Paths))
WARNING - 2026-06-16 04:06:07 --> [DEPRECATED] Creation of dynamic property App\Controllers\Bengkel::$ModelSetting is deprecated in APPPATH\Controllers\Bengkel.php on line 16.
 1 SYSTEMPATH\CodeIgniter.php(921): App\Controllers\Bengkel->__construct()
 2 SYSTEMPATH\CodeIgniter.php(488): CodeIgniter\CodeIgniter->createController()
 3 SYSTEMPATH\CodeIgniter.php(340): CodeIgniter\CodeIgniter->handleRequest(null, Object(Config\Cache), false)
 4 SYSTEMPATH\Boot.php(417): CodeIgniter\CodeIgniter->run()
 5 SYSTEMPATH\Boot.php(68): CodeIgniter\Boot::runCodeIgniter(Object(CodeIgniter\CodeIgniter))
 6 FCPATH\index.php(59): CodeIgniter\Boot::bootWeb(Object(Config\Paths))
WARNING - 2026-06-16 04:06:07 --> [DEPRECATED] Creation of dynamic property App\Controllers\Bengkel::$ModelBengkel is deprecated in APPPATH\Controllers\Bengkel.php on line 17.
 1 SYSTEMPATH\CodeIgniter.php(921): App\Controllers\Bengkel->__construct()
 2 SYSTEMPATH\CodeIgniter.php(488): CodeIgniter\CodeIgniter->createController()
 3 SYSTEMPATH\CodeIgniter.php(340): CodeIgniter\CodeIgniter->handleRequest(null, Object(Config\Cache), false)
 4 SYSTEMPATH\Boot.php(417): CodeIgniter\CodeIgniter->run()
 5 SYSTEMPATH\Boot.php(68): CodeIgniter\Boot::runCodeIgniter(Object(CodeIgniter\CodeIgniter))
 6 FCPATH\index.php(59): CodeIgniter\Boot::bootWeb(Object(Config\Paths))
WARNING - 2026-06-16 04:06:07 --> [DEPRECATED] Creation of dynamic property App\Controllers\Bengkel::$ModelKategori is deprecated in APPPATH\Controllers\Bengkel.php on line 18.
 1 SYSTEMPATH\CodeIgniter.php(921): App\Controllers\Bengkel->__construct()
 2 SYSTEMPATH\CodeIgniter.php(488): CodeIgniter\CodeIgniter->createController()
 3 SYSTEMPATH\CodeIgniter.php(340): CodeIgniter\CodeIgniter->handleRequest(null, Object(Config\Cache), false)
 4 SYSTEMPATH\Boot.php(417): CodeIgniter\CodeIgniter->run()
 5 SYSTEMPATH\Boot.php(68): CodeIgniter\Boot::runCodeIgniter(Object(CodeIgniter\CodeIgniter))
 6 FCPATH\index.php(59): CodeIgniter\Boot::bootWeb(Object(Config\Paths))
DEBUG - 2026-06-16 04:06:07 --> Session: Class initialized using 'CodeIgniter\Session\Handlers\FileHandler' driver.
WARNING - 2026-06-16 04:10:34 --> [DEPRECATED] Creation of dynamic property App\Controllers\Bengkel::$ModelWilayah is deprecated in APPPATH\Controllers\Bengkel.php on line 15.
 1 SYSTEMPATH\CodeIgniter.php(921): App\Controllers\Bengkel->__construct()
 2 SYSTEMPATH\CodeIgniter.php(488): CodeIgniter\CodeIgniter->createController()
 3 SYSTEMPATH\CodeIgniter.php(340): CodeIgniter\CodeIgniter->handleRequest(null, Object(Config\Cache), false)
 4 SYSTEMPATH\Boot.php(417): CodeIgniter\CodeIgniter->run()
 5 SYSTEMPATH\Boot.php(68): CodeIgniter\Boot::runCodeIgniter(Object(CodeIgniter\CodeIgniter))
 6 FCPATH\index.php(59): CodeIgniter\Boot::bootWeb(Object(Config\Paths))
WARNING - 2026-06-16 04:10:34 --> [DEPRECATED] Creation of dynamic property App\Controllers\Bengkel::$ModelSetting is deprecated in APPPATH\Controllers\Bengkel.php on line 16.
 1 SYSTEMPATH\CodeIgniter.php(921): App\Controllers\Bengkel->__construct()
 2 SYSTEMPATH\CodeIgniter.php(488): CodeIgniter\CodeIgniter->createController()
 3 SYSTEMPATH\CodeIgniter.php(340): CodeIgniter\CodeIgniter->handleRequest(null, Object(Config\Cache), false)
 4 SYSTEMPATH\Boot.php(417): CodeIgniter\CodeIgniter->run()
 5 SYSTEMPATH\Boot.php(68): CodeIgniter\Boot::runCodeIgniter(Object(CodeIgniter\CodeIgniter))
 6 FCPATH\index.php(59): CodeIgniter\Boot::bootWeb(Object(Config\Paths))
WARNING - 2026-06-16 04:10:34 --> [DEPRECATED] Creation of dynamic property App\Controllers\Bengkel::$ModelBengkel is deprecated in APPPATH\Controllers\Bengkel.php on line 17.
 1 SYSTEMPATH\CodeIgniter.php(921): App\Controllers\Bengkel->__construct()
 2 SYSTEMPATH\CodeIgniter.php(488): CodeIgniter\CodeIgniter->createController()
 3 SYSTEMPATH\CodeIgniter.php(340): CodeIgniter\CodeIgniter->handleRequest(null, Object(Config\Cache), false)
 4 SYSTEMPATH\Boot.php(417): CodeIgniter\CodeIgniter->run()
 5 SYSTEMPATH\Boot.php(68): CodeIgniter\Boot::runCodeIgniter(Object(CodeIgniter\CodeIgniter))
 6 FCPATH\index.php(59): CodeIgniter\Boot::bootWeb(Object(Config\Paths))
WARNING - 2026-06-16 04:10:34 --> [DEPRECATED] Creation of dynamic property App\Controllers\Bengkel::$ModelKategori is deprecated in APPPATH\Controllers\Bengkel.php on line 18.
 1 SYSTEMPATH\CodeIgniter.php(921): App\Controllers\Bengkel->__construct()
 2 SYSTEMPATH\CodeIgniter.php(488): CodeIgniter\CodeIgniter->createController()
 3 SYSTEMPATH\CodeIgniter.php(340): CodeIgniter\CodeIgniter->handleRequest(null, Object(Config\Cache), false)
 4 SYSTEMPATH\Boot.php(417): CodeIgniter\CodeIgniter->run()
 5 SYSTEMPATH\Boot.php(68): CodeIgniter\Boot::runCodeIgniter(Object(CodeIgniter\CodeIgniter))
 6 FCPATH\index.php(59): CodeIgniter\Boot::bootWeb(Object(Config\Paths))
DEBUG - 2026-06-16 04:10:35 --> Session: Class initialized using 'CodeIgniter\Session\Handlers\FileHandler' driver.
WARNING - 2026-06-16 04:15:44 --> [DEPRECATED] Creation of dynamic property App\Controllers\Bengkel::$ModelWilayah is deprecated in APPPATH\Controllers\Bengkel.php on line 15.
 1 SYSTEMPATH\CodeIgniter.php(921): App\Controllers\Bengkel->__construct()
 2 SYSTEMPATH\CodeIgniter.php(488): CodeIgniter\CodeIgniter->createController()
 3 SYSTEMPATH\CodeIgniter.php(340): CodeIgniter\CodeIgniter->handleRequest(null, Object(Config\Cache), false)
 4 SYSTEMPATH\Boot.php(417): CodeIgniter\CodeIgniter->run()
 5 SYSTEMPATH\Boot.php(68): CodeIgniter\Boot::runCodeIgniter(Object(CodeIgniter\CodeIgniter))
 6 FCPATH\index.php(59): CodeIgniter\Boot::bootWeb(Object(Config\Paths))
WARNING - 2026-06-16 04:15:44 --> [DEPRECATED] Creation of dynamic property App\Controllers\Bengkel::$ModelSetting is deprecated in APPPATH\Controllers\Bengkel.php on line 16.
 1 SYSTEMPATH\CodeIgniter.php(921): App\Controllers\Bengkel->__construct()
 2 SYSTEMPATH\CodeIgniter.php(488): CodeIgniter\CodeIgniter->createController()
 3 SYSTEMPATH\CodeIgniter.php(340): CodeIgniter\CodeIgniter->handleRequest(null, Object(Config\Cache), false)
 4 SYSTEMPATH\Boot.php(417): CodeIgniter\CodeIgniter->run()
 5 SYSTEMPATH\Boot.php(68): CodeIgniter\Boot::runCodeIgniter(Object(CodeIgniter\CodeIgniter))
 6 FCPATH\index.php(59): CodeIgniter\Boot::bootWeb(Object(Config\Paths))
WARNING - 2026-06-16 04:15:44 --> [DEPRECATED] Creation of dynamic property App\Controllers\Bengkel::$ModelBengkel is deprecated in APPPATH\Controllers\Bengkel.php on line 17.
 1 SYSTEMPATH\CodeIgniter.php(921): App\Controllers\Bengkel->__construct()
 2 SYSTEMPATH\CodeIgniter.php(488): CodeIgniter\CodeIgniter->createController()
 3 SYSTEMPATH\CodeIgniter.php(340): CodeIgniter\CodeIgniter->handleRequest(null, Object(Config\Cache), false)
 4 SYSTEMPATH\Boot.php(417): CodeIgniter\CodeIgniter->run()
 5 SYSTEMPATH\Boot.php(68): CodeIgniter\Boot::runCodeIgniter(Object(CodeIgniter\CodeIgniter))
 6 FCPATH\index.php(59): CodeIgniter\Boot::bootWeb(Object(Config\Paths))
WARNING - 2026-06-16 04:15:44 --> [DEPRECATED] Creation of dynamic property App\Controllers\Bengkel::$ModelKategori is deprecated in APPPATH\Controllers\Bengkel.php on line 18.
 1 SYSTEMPATH\CodeIgniter.php(921): App\Controllers\Bengkel->__construct()
 2 SYSTEMPATH\CodeIgniter.php(488): CodeIgniter\CodeIgniter->createController()
 3 SYSTEMPATH\CodeIgniter.php(340): CodeIgniter\CodeIgniter->handleRequest(null, Object(Config\Cache), false)
 4 SYSTEMPATH\Boot.php(417): CodeIgniter\CodeIgniter->run()
 5 SYSTEMPATH\Boot.php(68): CodeIgniter\Boot::runCodeIgniter(Object(CodeIgniter\CodeIgniter))
 6 FCPATH\index.php(59): CodeIgniter\Boot::bootWeb(Object(Config\Paths))
DEBUG - 2026-06-16 04:15:45 --> Session: Class initialized using 'CodeIgniter\Session\Handlers\FileHandler' driver.
WARNING - 2026-06-16 04:16:25 --> [DEPRECATED] Creation of dynamic property App\Controllers\Bengkel::$ModelWilayah is deprecated in APPPATH\Controllers\Bengkel.php on line 15.
 1 SYSTEMPATH\CodeIgniter.php(921): App\Controllers\Bengkel->__construct()
 2 SYSTEMPATH\CodeIgniter.php(488): CodeIgniter\CodeIgniter->createController()
 3 SYSTEMPATH\CodeIgniter.php(340): CodeIgniter\CodeIgniter->handleRequest(null, Object(Config\Cache), false)
 4 SYSTEMPATH\Boot.php(417): CodeIgniter\CodeIgniter->run()
 5 SYSTEMPATH\Boot.php(68): CodeIgniter\Boot::runCodeIgniter(Object(CodeIgniter\CodeIgniter))
 6 FCPATH\index.php(59): CodeIgniter\Boot::bootWeb(Object(Config\Paths))
WARNING - 2026-06-16 04:16:25 --> [DEPRECATED] Creation of dynamic property App\Controllers\Bengkel::$ModelSetting is deprecated in APPPATH\Controllers\Bengkel.php on line 16.
 1 SYSTEMPATH\CodeIgniter.php(921): App\Controllers\Bengkel->__construct()
 2 SYSTEMPATH\CodeIgniter.php(488): CodeIgniter\CodeIgniter->createController()
 3 SYSTEMPATH\CodeIgniter.php(340): CodeIgniter\CodeIgniter->handleRequest(null, Object(Config\Cache), false)
 4 SYSTEMPATH\Boot.php(417): CodeIgniter\CodeIgniter->run()
 5 SYSTEMPATH\Boot.php(68): CodeIgniter\Boot::runCodeIgniter(Object(CodeIgniter\CodeIgniter))
 6 FCPATH\index.php(59): CodeIgniter\Boot::bootWeb(Object(Config\Paths))
WARNING - 2026-06-16 04:16:25 --> [DEPRECATED] Creation of dynamic property App\Controllers\Bengkel::$ModelBengkel is deprecated in APPPATH\Controllers\Bengkel.php on line 17.
 1 SYSTEMPATH\CodeIgniter.php(921): App\Controllers\Bengkel->__construct()
 2 SYSTEMPATH\CodeIgniter.php(488): CodeIgniter\CodeIgniter->createController()
 3 SYSTEMPATH\CodeIgniter.php(340): CodeIgniter\CodeIgniter->handleRequest(null, Object(Config\Cache), false)
 4 SYSTEMPATH\Boot.php(417): CodeIgniter\CodeIgniter->run()
 5 SYSTEMPATH\Boot.php(68): CodeIgniter\Boot::runCodeIgniter(Object(CodeIgniter\CodeIgniter))
 6 FCPATH\index.php(59): CodeIgniter\Boot::bootWeb(Object(Config\Paths))
WARNING - 2026-06-16 04:16:25 --> [DEPRECATED] Creation of dynamic property App\Controllers\Bengkel::$ModelKategori is deprecated in APPPATH\Controllers\Bengkel.php on line 18.
 1 SYSTEMPATH\CodeIgniter.php(921): App\Controllers\Bengkel->__construct()
 2 SYSTEMPATH\CodeIgniter.php(488): CodeIgniter\CodeIgniter->createController()
 3 SYSTEMPATH\CodeIgniter.php(340): CodeIgniter\CodeIgniter->handleRequest(null, Object(Config\Cache), false)
 4 SYSTEMPATH\Boot.php(417): CodeIgniter\CodeIgniter->run()
 5 SYSTEMPATH\Boot.php(68): CodeIgniter\Boot::runCodeIgniter(Object(CodeIgniter\CodeIgniter))
 6 FCPATH\index.php(59): CodeIgniter\Boot::bootWeb(Object(Config\Paths))
DEBUG - 2026-06-16 04:16:25 --> Session: Class initialized using 'CodeIgniter\Session\Handlers\FileHandler' driver.
WARNING - 2026-06-16 04:16:27 --> [DEPRECATED] Creation of dynamic property App\Controllers\Bengkel::$ModelWilayah is deprecated in APPPATH\Controllers\Bengkel.php on line 15.
 1 SYSTEMPATH\CodeIgniter.php(921): App\Controllers\Bengkel->__construct()
 2 SYSTEMPATH\CodeIgniter.php(488): CodeIgniter\CodeIgniter->createController()
 3 SYSTEMPATH\CodeIgniter.php(340): CodeIgniter\CodeIgniter->handleRequest(null, Object(Config\Cache), false)
 4 SYSTEMPATH\Boot.php(417): CodeIgniter\CodeIgniter->run()
 5 SYSTEMPATH\Boot.php(68): CodeIgniter\Boot::runCodeIgniter(Object(CodeIgniter\CodeIgniter))
 6 FCPATH\index.php(59): CodeIgniter\Boot::bootWeb(Object(Config\Paths))
WARNING - 2026-06-16 04:16:27 --> [DEPRECATED] Creation of dynamic property App\Controllers\Bengkel::$ModelSetting is deprecated in APPPATH\Controllers\Bengkel.php on line 16.
 1 SYSTEMPATH\CodeIgniter.php(921): App\Controllers\Bengkel->__construct()
 2 SYSTEMPATH\CodeIgniter.php(488): CodeIgniter\CodeIgniter->createController()
 3 SYSTEMPATH\CodeIgniter.php(340): CodeIgniter\CodeIgniter->handleRequest(null, Object(Config\Cache), false)
 4 SYSTEMPATH\Boot.php(417): CodeIgniter\CodeIgniter->run()
 5 SYSTEMPATH\Boot.php(68): CodeIgniter\Boot::runCodeIgniter(Object(CodeIgniter\CodeIgniter))
 6 FCPATH\index.php(59): CodeIgniter\Boot::bootWeb(Object(Config\Paths))
WARNING - 2026-06-16 04:16:27 --> [DEPRECATED] Creation of dynamic property App\Controllers\Bengkel::$ModelBengkel is deprecated in APPPATH\Controllers\Bengkel.php on line 17.
 1 SYSTEMPATH\CodeIgniter.php(921): App\Controllers\Bengkel->__construct()
 2 SYSTEMPATH\CodeIgniter.php(488): CodeIgniter\CodeIgniter->createController()
 3 SYSTEMPATH\CodeIgniter.php(340): CodeIgniter\CodeIgniter->handleRequest(null, Object(Config\Cache), false)
 4 SYSTEMPATH\Boot.php(417): CodeIgniter\CodeIgniter->run()
 5 SYSTEMPATH\Boot.php(68): CodeIgniter\Boot::runCodeIgniter(Object(CodeIgniter\CodeIgniter))
 6 FCPATH\index.php(59): CodeIgniter\Boot::bootWeb(Object(Config\Paths))
WARNING - 2026-06-16 04:16:27 --> [DEPRECATED] Creation of dynamic property App\Controllers\Bengkel::$ModelKategori is deprecated in APPPATH\Controllers\Bengkel.php on line 18.
 1 SYSTEMPATH\CodeIgniter.php(921): App\Controllers\Bengkel->__construct()
 2 SYSTEMPATH\CodeIgniter.php(488): CodeIgniter\CodeIgniter->createController()
 3 SYSTEMPATH\CodeIgniter.php(340): CodeIgniter\CodeIgniter->handleRequest(null, Object(Config\Cache), false)
 4 SYSTEMPATH\Boot.php(417): CodeIgniter\CodeIgniter->run()
 5 SYSTEMPATH\Boot.php(68): CodeIgniter\Boot::runCodeIgniter(Object(CodeIgniter\CodeIgniter))
 6 FCPATH\index.php(59): CodeIgniter\Boot::bootWeb(Object(Config\Paths))
DEBUG - 2026-06-16 04:16:28 --> Session: Class initialized using 'CodeIgniter\Session\Handlers\FileHandler' driver.
WARNING - 2026-06-16 04:19:53 --> [DEPRECATED] Creation of dynamic property App\Controllers\Bengkel::$ModelWilayah is deprecated in APPPATH\Controllers\Bengkel.php on line 15.
 1 SYSTEMPATH\CodeIgniter.php(921): App\Controllers\Bengkel->__construct()
 2 SYSTEMPATH\CodeIgniter.php(488): CodeIgniter\CodeIgniter->createController()
 3 SYSTEMPATH\CodeIgniter.php(340): CodeIgniter\CodeIgniter->handleRequest(null, Object(Config\Cache), false)
 4 SYSTEMPATH\Boot.php(417): CodeIgniter\CodeIgniter->run()
 5 SYSTEMPATH\Boot.php(68): CodeIgniter\Boot::runCodeIgniter(Object(CodeIgniter\CodeIgniter))
 6 FCPATH\index.php(59): CodeIgniter\Boot::bootWeb(Object(Config\Paths))
WARNING - 2026-06-16 04:19:53 --> [DEPRECATED] Creation of dynamic property App\Controllers\Bengkel::$ModelSetting is deprecated in APPPATH\Controllers\Bengkel.php on line 16.
 1 SYSTEMPATH\CodeIgniter.php(921): App\Controllers\Bengkel->__construct()
 2 SYSTEMPATH\CodeIgniter.php(488): CodeIgniter\CodeIgniter->createController()
 3 SYSTEMPATH\CodeIgniter.php(340): CodeIgniter\CodeIgniter->handleRequest(null, Object(Config\Cache), false)
 4 SYSTEMPATH\Boot.php(417): CodeIgniter\CodeIgniter->run()
 5 SYSTEMPATH\Boot.php(68): CodeIgniter\Boot::runCodeIgniter(Object(CodeIgniter\CodeIgniter))
 6 FCPATH\index.php(59): CodeIgniter\Boot::bootWeb(Object(Config\Paths))
WARNING - 2026-06-16 04:19:53 --> [DEPRECATED] Creation of dynamic property App\Controllers\Bengkel::$ModelBengkel is deprecated in APPPATH\Controllers\Bengkel.php on line 17.
 1 SYSTEMPATH\CodeIgniter.php(921): App\Controllers\Bengkel->__construct()
 2 SYSTEMPATH\CodeIgniter.php(488): CodeIgniter\CodeIgniter->createController()
 3 SYSTEMPATH\CodeIgniter.php(340): CodeIgniter\CodeIgniter->handleRequest(null, Object(Config\Cache), false)
 4 SYSTEMPATH\Boot.php(417): CodeIgniter\CodeIgniter->run()
 5 SYSTEMPATH\Boot.php(68): CodeIgniter\Boot::runCodeIgniter(Object(CodeIgniter\CodeIgniter))
 6 FCPATH\index.php(59): CodeIgniter\Boot::bootWeb(Object(Config\Paths))
WARNING - 2026-06-16 04:19:53 --> [DEPRECATED] Creation of dynamic property App\Controllers\Bengkel::$ModelKategori is deprecated in APPPATH\Controllers\Bengkel.php on line 18.
 1 SYSTEMPATH\CodeIgniter.php(921): App\Controllers\Bengkel->__construct()
 2 SYSTEMPATH\CodeIgniter.php(488): CodeIgniter\CodeIgniter->createController()
 3 SYSTEMPATH\CodeIgniter.php(340): CodeIgniter\CodeIgniter->handleRequest(null, Object(Config\Cache), false)
 4 SYSTEMPATH\Boot.php(417): CodeIgniter\CodeIgniter->run()
 5 SYSTEMPATH\Boot.php(68): CodeIgniter\Boot::runCodeIgniter(Object(CodeIgniter\CodeIgniter))
 6 FCPATH\index.php(59): CodeIgniter\Boot::bootWeb(Object(Config\Paths))
DEBUG - 2026-06-16 04:19:53 --> Session: Class initialized using 'CodeIgniter\Session\Handlers\FileHandler' driver.
WARNING - 2026-06-16 04:23:20 --> [DEPRECATED] Creation of dynamic property App\Controllers\Bengkel::$ModelWilayah is deprecated in APPPATH\Controllers\Bengkel.php on line 15.
 1 SYSTEMPATH\CodeIgniter.php(921): App\Controllers\Bengkel->__construct()
 2 SYSTEMPATH\CodeIgniter.php(488): CodeIgniter\CodeIgniter->createController()
 3 SYSTEMPATH\CodeIgniter.php(340): CodeIgniter\CodeIgniter->handleRequest(null, Object(Config\Cache), false)
 4 SYSTEMPATH\Boot.php(417): CodeIgniter\CodeIgniter->run()
 5 SYSTEMPATH\Boot.php(68): CodeIgniter\Boot::runCodeIgniter(Object(CodeIgniter\CodeIgniter))
 6 FCPATH\index.php(59): CodeIgniter\Boot::bootWeb(Object(Config\Paths))
WARNING - 2026-06-16 04:23:20 --> [DEPRECATED] Creation of dynamic property App\Controllers\Bengkel::$ModelSetting is deprecated in APPPATH\Controllers\Bengkel.php on line 16.
 1 SYSTEMPATH\CodeIgniter.php(921): App\Controllers\Bengkel->__construct()
 2 SYSTEMPATH\CodeIgniter.php(488): CodeIgniter\CodeIgniter->createController()
 3 SYSTEMPATH\CodeIgniter.php(340): CodeIgniter\CodeIgniter->handleRequest(null, Object(Config\Cache), false)
 4 SYSTEMPATH\Boot.php(417): CodeIgniter\CodeIgniter->run()
 5 SYSTEMPATH\Boot.php(68): CodeIgniter\Boot::runCodeIgniter(Object(CodeIgniter\CodeIgniter))
 6 FCPATH\index.php(59): CodeIgniter\Boot::bootWeb(Object(Config\Paths))
WARNING - 2026-06-16 04:23:20 --> [DEPRECATED] Creation of dynamic property App\Controllers\Bengkel::$ModelBengkel is deprecated in APPPATH\Controllers\Bengkel.php on line 17.
 1 SYSTEMPATH\CodeIgniter.php(921): App\Controllers\Bengkel->__construct()
 2 SYSTEMPATH\CodeIgniter.php(488): CodeIgniter\CodeIgniter->createController()
 3 SYSTEMPATH\CodeIgniter.php(340): CodeIgniter\CodeIgniter->handleRequest(null, Object(Config\Cache), false)
 4 SYSTEMPATH\Boot.php(417): CodeIgniter\CodeIgniter->run()
 5 SYSTEMPATH\Boot.php(68): CodeIgniter\Boot::runCodeIgniter(Object(CodeIgniter\CodeIgniter))
 6 FCPATH\index.php(59): CodeIgniter\Boot::bootWeb(Object(Config\Paths))
WARNING - 2026-06-16 04:23:20 --> [DEPRECATED] Creation of dynamic property App\Controllers\Bengkel::$ModelKategori is deprecated in APPPATH\Controllers\Bengkel.php on line 18.
 1 SYSTEMPATH\CodeIgniter.php(921): App\Controllers\Bengkel->__construct()
 2 SYSTEMPATH\CodeIgniter.php(488): CodeIgniter\CodeIgniter->createController()
 3 SYSTEMPATH\CodeIgniter.php(340): CodeIgniter\CodeIgniter->handleRequest(null, Object(Config\Cache), false)
 4 SYSTEMPATH\Boot.php(417): CodeIgniter\CodeIgniter->run()
 5 SYSTEMPATH\Boot.php(68): CodeIgniter\Boot::runCodeIgniter(Object(CodeIgniter\CodeIgniter))
 6 FCPATH\index.php(59): CodeIgniter\Boot::bootWeb(Object(Config\Paths))
DEBUG - 2026-06-16 04:23:21 --> Session: Class initialized using 'CodeIgniter\Session\Handlers\FileHandler' driver.
WARNING - 2026-06-16 04:24:00 --> [DEPRECATED] Creation of dynamic property App\Controllers\Bengkel::$ModelWilayah is deprecated in APPPATH\Controllers\Bengkel.php on line 15.
 1 SYSTEMPATH\CodeIgniter.php(921): App\Controllers\Bengkel->__construct()
 2 SYSTEMPATH\CodeIgniter.php(488): CodeIgniter\CodeIgniter->createController()
 3 SYSTEMPATH\CodeIgniter.php(340): CodeIgniter\CodeIgniter->handleRequest(null, Object(Config\Cache), false)
 4 SYSTEMPATH\Boot.php(417): CodeIgniter\CodeIgniter->run()
 5 SYSTEMPATH\Boot.php(68): CodeIgniter\Boot::runCodeIgniter(Object(CodeIgniter\CodeIgniter))
 6 FCPATH\index.php(59): CodeIgniter\Boot::bootWeb(Object(Config\Paths))
WARNING - 2026-06-16 04:24:00 --> [DEPRECATED] Creation of dynamic property App\Controllers\Bengkel::$ModelSetting is deprecated in APPPATH\Controllers\Bengkel.php on line 16.
 1 SYSTEMPATH\CodeIgniter.php(921): App\Controllers\Bengkel->__construct()
 2 SYSTEMPATH\CodeIgniter.php(488): CodeIgniter\CodeIgniter->createController()
 3 SYSTEMPATH\CodeIgniter.php(340): CodeIgniter\CodeIgniter->handleRequest(null, Object(Config\Cache), false)
 4 SYSTEMPATH\Boot.php(417): CodeIgniter\CodeIgniter->run()
 5 SYSTEMPATH\Boot.php(68): CodeIgniter\Boot::runCodeIgniter(Object(CodeIgniter\CodeIgniter))
 6 FCPATH\index.php(59): CodeIgniter\Boot::bootWeb(Object(Config\Paths))
WARNING - 2026-06-16 04:24:00 --> [DEPRECATED] Creation of dynamic property App\Controllers\Bengkel::$ModelBengkel is deprecated in APPPATH\Controllers\Bengkel.php on line 17.
 1 SYSTEMPATH\CodeIgniter.php(921): App\Controllers\Bengkel->__construct()
 2 SYSTEMPATH\CodeIgniter.php(488): CodeIgniter\CodeIgniter->createController()
 3 SYSTEMPATH\CodeIgniter.php(340): CodeIgniter\CodeIgniter->handleRequest(null, Object(Config\Cache), false)
 4 SYSTEMPATH\Boot.php(417): CodeIgniter\CodeIgniter->run()
 5 SYSTEMPATH\Boot.php(68): CodeIgniter\Boot::runCodeIgniter(Object(CodeIgniter\CodeIgniter))
 6 FCPATH\index.php(59): CodeIgniter\Boot::bootWeb(Object(Config\Paths))
WARNING - 2026-06-16 04:24:00 --> [DEPRECATED] Creation of dynamic property App\Controllers\Bengkel::$ModelKategori is deprecated in APPPATH\Controllers\Bengkel.php on line 18.
 1 SYSTEMPATH\CodeIgniter.php(921): App\Controllers\Bengkel->__construct()
 2 SYSTEMPATH\CodeIgniter.php(488): CodeIgniter\CodeIgniter->createController()
 3 SYSTEMPATH\CodeIgniter.php(340): CodeIgniter\CodeIgniter->handleRequest(null, Object(Config\Cache), false)
 4 SYSTEMPATH\Boot.php(417): CodeIgniter\CodeIgniter->run()
 5 SYSTEMPATH\Boot.php(68): CodeIgniter\Boot::runCodeIgniter(Object(CodeIgniter\CodeIgniter))
 6 FCPATH\index.php(59): CodeIgniter\Boot::bootWeb(Object(Config\Paths))
DEBUG - 2026-06-16 04:24:00 --> Session: Class initialized using 'CodeIgniter\Session\Handlers\FileHandler' driver.
WARNING - 2026-06-16 04:24:20 --> [DEPRECATED] Creation of dynamic property App\Controllers\Bengkel::$ModelWilayah is deprecated in APPPATH\Controllers\Bengkel.php on line 15.
 1 SYSTEMPATH\CodeIgniter.php(921): App\Controllers\Bengkel->__construct()
 2 SYSTEMPATH\CodeIgniter.php(488): CodeIgniter\CodeIgniter->createController()
 3 SYSTEMPATH\CodeIgniter.php(340): CodeIgniter\CodeIgniter->handleRequest(null, Object(Config\Cache), false)
 4 SYSTEMPATH\Boot.php(417): CodeIgniter\CodeIgniter->run()
 5 SYSTEMPATH\Boot.php(68): CodeIgniter\Boot::runCodeIgniter(Object(CodeIgniter\CodeIgniter))
 6 FCPATH\index.php(59): CodeIgniter\Boot::bootWeb(Object(Config\Paths))
WARNING - 2026-06-16 04:24:20 --> [DEPRECATED] Creation of dynamic property App\Controllers\Bengkel::$ModelSetting is deprecated in APPPATH\Controllers\Bengkel.php on line 16.
 1 SYSTEMPATH\CodeIgniter.php(921): App\Controllers\Bengkel->__construct()
 2 SYSTEMPATH\CodeIgniter.php(488): CodeIgniter\CodeIgniter->createController()
 3 SYSTEMPATH\CodeIgniter.php(340): CodeIgniter\CodeIgniter->handleRequest(null, Object(Config\Cache), false)
 4 SYSTEMPATH\Boot.php(417): CodeIgniter\CodeIgniter->run()
 5 SYSTEMPATH\Boot.php(68): CodeIgniter\Boot::runCodeIgniter(Object(CodeIgniter\CodeIgniter))
 6 FCPATH\index.php(59): CodeIgniter\Boot::bootWeb(Object(Config\Paths))
WARNING - 2026-06-16 04:24:20 --> [DEPRECATED] Creation of dynamic property App\Controllers\Bengkel::$ModelBengkel is deprecated in APPPATH\Controllers\Bengkel.php on line 17.
 1 SYSTEMPATH\CodeIgniter.php(921): App\Controllers\Bengkel->__construct()
 2 SYSTEMPATH\CodeIgniter.php(488): CodeIgniter\CodeIgniter->createController()
 3 SYSTEMPATH\CodeIgniter.php(340): CodeIgniter\CodeIgniter->handleRequest(null, Object(Config\Cache), false)
 4 SYSTEMPATH\Boot.php(417): CodeIgniter\CodeIgniter->run()
 5 SYSTEMPATH\Boot.php(68): CodeIgniter\Boot::runCodeIgniter(Object(CodeIgniter\CodeIgniter))
 6 FCPATH\index.php(59): CodeIgniter\Boot::bootWeb(Object(Config\Paths))
WARNING - 2026-06-16 04:24:20 --> [DEPRECATED] Creation of dynamic property App\Controllers\Bengkel::$ModelKategori is deprecated in APPPATH\Controllers\Bengkel.php on line 18.
 1 SYSTEMPATH\CodeIgniter.php(921): App\Controllers\Bengkel->__construct()
 2 SYSTEMPATH\CodeIgniter.php(488): CodeIgniter\CodeIgniter->createController()
 3 SYSTEMPATH\CodeIgniter.php(340): CodeIgniter\CodeIgniter->handleRequest(null, Object(Config\Cache), false)
 4 SYSTEMPATH\Boot.php(417): CodeIgniter\CodeIgniter->run()
 5 SYSTEMPATH\Boot.php(68): CodeIgniter\Boot::runCodeIgniter(Object(CodeIgniter\CodeIgniter))
 6 FCPATH\index.php(59): CodeIgniter\Boot::bootWeb(Object(Config\Paths))
DEBUG - 2026-06-16 04:24:20 --> Session: Class initialized using 'CodeIgniter\Session\Handlers\FileHandler' driver.
WARNING - 2026-06-16 04:24:43 --> [DEPRECATED] Creation of dynamic property App\Controllers\Bengkel::$ModelWilayah is deprecated in APPPATH\Controllers\Bengkel.php on line 15.
 1 SYSTEMPATH\CodeIgniter.php(921): App\Controllers\Bengkel->__construct()
 2 SYSTEMPATH\CodeIgniter.php(488): CodeIgniter\CodeIgniter->createController()
 3 SYSTEMPATH\CodeIgniter.php(340): CodeIgniter\CodeIgniter->handleRequest(null, Object(Config\Cache), false)
 4 SYSTEMPATH\Boot.php(417): CodeIgniter\CodeIgniter->run()
 5 SYSTEMPATH\Boot.php(68): CodeIgniter\Boot::runCodeIgniter(Object(CodeIgniter\CodeIgniter))
 6 FCPATH\index.php(59): CodeIgniter\Boot::bootWeb(Object(Config\Paths))
WARNING - 2026-06-16 04:24:43 --> [DEPRECATED] Creation of dynamic property App\Controllers\Bengkel::$ModelSetting is deprecated in APPPATH\Controllers\Bengkel.php on line 16.
 1 SYSTEMPATH\CodeIgniter.php(921): App\Controllers\Bengkel->__construct()
 2 SYSTEMPATH\CodeIgniter.php(488): CodeIgniter\CodeIgniter->createController()
 3 SYSTEMPATH\CodeIgniter.php(340): CodeIgniter\CodeIgniter->handleRequest(null, Object(Config\Cache), false)
 4 SYSTEMPATH\Boot.php(417): CodeIgniter\CodeIgniter->run()
 5 SYSTEMPATH\Boot.php(68): CodeIgniter\Boot::runCodeIgniter(Object(CodeIgniter\CodeIgniter))
 6 FCPATH\index.php(59): CodeIgniter\Boot::bootWeb(Object(Config\Paths))
WARNING - 2026-06-16 04:24:43 --> [DEPRECATED] Creation of dynamic property App\Controllers\Bengkel::$ModelBengkel is deprecated in APPPATH\Controllers\Bengkel.php on line 17.
 1 SYSTEMPATH\CodeIgniter.php(921): App\Controllers\Bengkel->__construct()
 2 SYSTEMPATH\CodeIgniter.php(488): CodeIgniter\CodeIgniter->createController()
 3 SYSTEMPATH\CodeIgniter.php(340): CodeIgniter\CodeIgniter->handleRequest(null, Object(Config\Cache), false)
 4 SYSTEMPATH\Boot.php(417): CodeIgniter\CodeIgniter->run()
 5 SYSTEMPATH\Boot.php(68): CodeIgniter\Boot::runCodeIgniter(Object(CodeIgniter\CodeIgniter))
 6 FCPATH\index.php(59): CodeIgniter\Boot::bootWeb(Object(Config\Paths))
WARNING - 2026-06-16 04:24:43 --> [DEPRECATED] Creation of dynamic property App\Controllers\Bengkel::$ModelKategori is deprecated in APPPATH\Controllers\Bengkel.php on line 18.
 1 SYSTEMPATH\CodeIgniter.php(921): App\Controllers\Bengkel->__construct()
 2 SYSTEMPATH\CodeIgniter.php(488): CodeIgniter\CodeIgniter->createController()
 3 SYSTEMPATH\CodeIgniter.php(340): CodeIgniter\CodeIgniter->handleRequest(null, Object(Config\Cache), false)
 4 SYSTEMPATH\Boot.php(417): CodeIgniter\CodeIgniter->run()
 5 SYSTEMPATH\Boot.php(68): CodeIgniter\Boot::runCodeIgniter(Object(CodeIgniter\CodeIgniter))
 6 FCPATH\index.php(59): CodeIgniter\Boot::bootWeb(Object(Config\Paths))
DEBUG - 2026-06-16 04:24:43 --> Session: Class initialized using 'CodeIgniter\Session\Handlers\FileHandler' driver.
WARNING - 2026-06-16 04:25:43 --> [DEPRECATED] Creation of dynamic property App\Controllers\Bengkel::$ModelWilayah is deprecated in APPPATH\Controllers\Bengkel.php on line 15.
 1 SYSTEMPATH\CodeIgniter.php(921): App\Controllers\Bengkel->__construct()
 2 SYSTEMPATH\CodeIgniter.php(488): CodeIgniter\CodeIgniter->createController()
 3 SYSTEMPATH\CodeIgniter.php(340): CodeIgniter\CodeIgniter->handleRequest(null, Object(Config\Cache), false)
 4 SYSTEMPATH\Boot.php(417): CodeIgniter\CodeIgniter->run()
 5 SYSTEMPATH\Boot.php(68): CodeIgniter\Boot::runCodeIgniter(Object(CodeIgniter\CodeIgniter))
 6 FCPATH\index.php(59): CodeIgniter\Boot::bootWeb(Object(Config\Paths))
WARNING - 2026-06-16 04:25:43 --> [DEPRECATED] Creation of dynamic property App\Controllers\Bengkel::$ModelSetting is deprecated in APPPATH\Controllers\Bengkel.php on line 16.
 1 SYSTEMPATH\CodeIgniter.php(921): App\Controllers\Bengkel->__construct()
 2 SYSTEMPATH\CodeIgniter.php(488): CodeIgniter\CodeIgniter->createController()
 3 SYSTEMPATH\CodeIgniter.php(340): CodeIgniter\CodeIgniter->handleRequest(null, Object(Config\Cache), false)
 4 SYSTEMPATH\Boot.php(417): CodeIgniter\CodeIgniter->run()
 5 SYSTEMPATH\Boot.php(68): CodeIgniter\Boot::runCodeIgniter(Object(CodeIgniter\CodeIgniter))
 6 FCPATH\index.php(59): CodeIgniter\Boot::bootWeb(Object(Config\Paths))
WARNING - 2026-06-16 04:25:43 --> [DEPRECATED] Creation of dynamic property App\Controllers\Bengkel::$ModelBengkel is deprecated in APPPATH\Controllers\Bengkel.php on line 17.
 1 SYSTEMPATH\CodeIgniter.php(921): App\Controllers\Bengkel->__construct()
 2 SYSTEMPATH\CodeIgniter.php(488): CodeIgniter\CodeIgniter->createController()
 3 SYSTEMPATH\CodeIgniter.php(340): CodeIgniter\CodeIgniter->handleRequest(null, Object(Config\Cache), false)
 4 SYSTEMPATH\Boot.php(417): CodeIgniter\CodeIgniter->run()
 5 SYSTEMPATH\Boot.php(68): CodeIgniter\Boot::runCodeIgniter(Object(CodeIgniter\CodeIgniter))
 6 FCPATH\index.php(59): CodeIgniter\Boot::bootWeb(Object(Config\Paths))
WARNING - 2026-06-16 04:25:43 --> [DEPRECATED] Creation of dynamic property App\Controllers\Bengkel::$ModelKategori is deprecated in APPPATH\Controllers\Bengkel.php on line 18.
 1 SYSTEMPATH\CodeIgniter.php(921): App\Controllers\Bengkel->__construct()
 2 SYSTEMPATH\CodeIgniter.php(488): CodeIgniter\CodeIgniter->createController()
 3 SYSTEMPATH\CodeIgniter.php(340): CodeIgniter\CodeIgniter->handleRequest(null, Object(Config\Cache), false)
 4 SYSTEMPATH\Boot.php(417): CodeIgniter\CodeIgniter->run()
 5 SYSTEMPATH\Boot.php(68): CodeIgniter\Boot::runCodeIgniter(Object(CodeIgniter\CodeIgniter))
 6 FCPATH\index.php(59): CodeIgniter\Boot::bootWeb(Object(Config\Paths))
DEBUG - 2026-06-16 04:25:43 --> Session: Class initialized using 'CodeIgniter\Session\Handlers\FileHandler' driver.
WARNING - 2026-06-16 04:27:33 --> [DEPRECATED] Creation of dynamic property App\Controllers\Bengkel::$ModelWilayah is deprecated in APPPATH\Controllers\Bengkel.php on line 15.
 1 SYSTEMPATH\CodeIgniter.php(921): App\Controllers\Bengkel->__construct()
 2 SYSTEMPATH\CodeIgniter.php(488): CodeIgniter\CodeIgniter->createController()
 3 SYSTEMPATH\CodeIgniter.php(340): CodeIgniter\CodeIgniter->handleRequest(null, Object(Config\Cache), false)
 4 SYSTEMPATH\Boot.php(417): CodeIgniter\CodeIgniter->run()
 5 SYSTEMPATH\Boot.php(68): CodeIgniter\Boot::runCodeIgniter(Object(CodeIgniter\CodeIgniter))
 6 FCPATH\index.php(59): CodeIgniter\Boot::bootWeb(Object(Config\Paths))
WARNING - 2026-06-16 04:27:33 --> [DEPRECATED] Creation of dynamic property App\Controllers\Bengkel::$ModelSetting is deprecated in APPPATH\Controllers\Bengkel.php on line 16.
 1 SYSTEMPATH\CodeIgniter.php(921): App\Controllers\Bengkel->__construct()
 2 SYSTEMPATH\CodeIgniter.php(488): CodeIgniter\CodeIgniter->createController()
 3 SYSTEMPATH\CodeIgniter.php(340): CodeIgniter\CodeIgniter->handleRequest(null, Object(Config\Cache), false)
 4 SYSTEMPATH\Boot.php(417): CodeIgniter\CodeIgniter->run()
 5 SYSTEMPATH\Boot.php(68): CodeIgniter\Boot::runCodeIgniter(Object(CodeIgniter\CodeIgniter))
 6 FCPATH\index.php(59): CodeIgniter\Boot::bootWeb(Object(Config\Paths))
WARNING - 2026-06-16 04:27:33 --> [DEPRECATED] Creation of dynamic property App\Controllers\Bengkel::$ModelBengkel is deprecated in APPPATH\Controllers\Bengkel.php on line 17.
 1 SYSTEMPATH\CodeIgniter.php(921): App\Controllers\Bengkel->__construct()
 2 SYSTEMPATH\CodeIgniter.php(488): CodeIgniter\CodeIgniter->createController()
 3 SYSTEMPATH\CodeIgniter.php(340): CodeIgniter\CodeIgniter->handleRequest(null, Object(Config\Cache), false)
 4 SYSTEMPATH\Boot.php(417): CodeIgniter\CodeIgniter->run()
 5 SYSTEMPATH\Boot.php(68): CodeIgniter\Boot::runCodeIgniter(Object(CodeIgniter\CodeIgniter))
 6 FCPATH\index.php(59): CodeIgniter\Boot::bootWeb(Object(Config\Paths))
WARNING - 2026-06-16 04:27:33 --> [DEPRECATED] Creation of dynamic property App\Controllers\Bengkel::$ModelKategori is deprecated in APPPATH\Controllers\Bengkel.php on line 18.
 1 SYSTEMPATH\CodeIgniter.php(921): App\Controllers\Bengkel->__construct()
 2 SYSTEMPATH\CodeIgniter.php(488): CodeIgniter\CodeIgniter->createController()
 3 SYSTEMPATH\CodeIgniter.php(340): CodeIgniter\CodeIgniter->handleRequest(null, Object(Config\Cache), false)
 4 SYSTEMPATH\Boot.php(417): CodeIgniter\CodeIgniter->run()
 5 SYSTEMPATH\Boot.php(68): CodeIgniter\Boot::runCodeIgniter(Object(CodeIgniter\CodeIgniter))
 6 FCPATH\index.php(59): CodeIgniter\Boot::bootWeb(Object(Config\Paths))
DEBUG - 2026-06-16 04:27:34 --> Session: Class initialized using 'CodeIgniter\Session\Handlers\FileHandler' driver.
WARNING - 2026-06-16 04:28:35 --> [DEPRECATED] Creation of dynamic property App\Controllers\Bengkel::$ModelWilayah is deprecated in APPPATH\Controllers\Bengkel.php on line 15.
 1 SYSTEMPATH\CodeIgniter.php(921): App\Controllers\Bengkel->__construct()
 2 SYSTEMPATH\CodeIgniter.php(488): CodeIgniter\CodeIgniter->createController()
 3 SYSTEMPATH\CodeIgniter.php(340): CodeIgniter\CodeIgniter->handleRequest(null, Object(Config\Cache), false)
 4 SYSTEMPATH\Boot.php(417): CodeIgniter\CodeIgniter->run()
 5 SYSTEMPATH\Boot.php(68): CodeIgniter\Boot::runCodeIgniter(Object(CodeIgniter\CodeIgniter))
 6 FCPATH\index.php(59): CodeIgniter\Boot::bootWeb(Object(Config\Paths))
WARNING - 2026-06-16 04:28:35 --> [DEPRECATED] Creation of dynamic property App\Controllers\Bengkel::$ModelSetting is deprecated in APPPATH\Controllers\Bengkel.php on line 16.
 1 SYSTEMPATH\CodeIgniter.php(921): App\Controllers\Bengkel->__construct()
 2 SYSTEMPATH\CodeIgniter.php(488): CodeIgniter\CodeIgniter->createController()
 3 SYSTEMPATH\CodeIgniter.php(340): CodeIgniter\CodeIgniter->handleRequest(null, Object(Config\Cache), false)
 4 SYSTEMPATH\Boot.php(417): CodeIgniter\CodeIgniter->run()
 5 SYSTEMPATH\Boot.php(68): CodeIgniter\Boot::runCodeIgniter(Object(CodeIgniter\CodeIgniter))
 6 FCPATH\index.php(59): CodeIgniter\Boot::bootWeb(Object(Config\Paths))
WARNING - 2026-06-16 04:28:35 --> [DEPRECATED] Creation of dynamic property App\Controllers\Bengkel::$ModelBengkel is deprecated in APPPATH\Controllers\Bengkel.php on line 17.
 1 SYSTEMPATH\CodeIgniter.php(921): App\Controllers\Bengkel->__construct()
 2 SYSTEMPATH\CodeIgniter.php(488): CodeIgniter\CodeIgniter->createController()
 3 SYSTEMPATH\CodeIgniter.php(340): CodeIgniter\CodeIgniter->handleRequest(null, Object(Config\Cache), false)
 4 SYSTEMPATH\Boot.php(417): CodeIgniter\CodeIgniter->run()
 5 SYSTEMPATH\Boot.php(68): CodeIgniter\Boot::runCodeIgniter(Object(CodeIgniter\CodeIgniter))
 6 FCPATH\index.php(59): CodeIgniter\Boot::bootWeb(Object(Config\Paths))
WARNING - 2026-06-16 04:28:35 --> [DEPRECATED] Creation of dynamic property App\Controllers\Bengkel::$ModelKategori is deprecated in APPPATH\Controllers\Bengkel.php on line 18.
 1 SYSTEMPATH\CodeIgniter.php(921): App\Controllers\Bengkel->__construct()
 2 SYSTEMPATH\CodeIgniter.php(488): CodeIgniter\CodeIgniter->createController()
 3 SYSTEMPATH\CodeIgniter.php(340): CodeIgniter\CodeIgniter->handleRequest(null, Object(Config\Cache), false)
 4 SYSTEMPATH\Boot.php(417): CodeIgniter\CodeIgniter->run()
 5 SYSTEMPATH\Boot.php(68): CodeIgniter\Boot::runCodeIgniter(Object(CodeIgniter\CodeIgniter))
 6 FCPATH\index.php(59): CodeIgniter\Boot::bootWeb(Object(Config\Paths))
DEBUG - 2026-06-16 04:28:35 --> Session: Class initialized using 'CodeIgniter\Session\Handlers\FileHandler' driver.
WARNING - 2026-06-16 04:29:25 --> [DEPRECATED] Creation of dynamic property App\Controllers\Bengkel::$ModelWilayah is deprecated in APPPATH\Controllers\Bengkel.php on line 15.
 1 SYSTEMPATH\CodeIgniter.php(921): App\Controllers\Bengkel->__construct()
 2 SYSTEMPATH\CodeIgniter.php(488): CodeIgniter\CodeIgniter->createController()
 3 SYSTEMPATH\CodeIgniter.php(340): CodeIgniter\CodeIgniter->handleRequest(null, Object(Config\Cache), false)
 4 SYSTEMPATH\Boot.php(417): CodeIgniter\CodeIgniter->run()
 5 SYSTEMPATH\Boot.php(68): CodeIgniter\Boot::runCodeIgniter(Object(CodeIgniter\CodeIgniter))
 6 FCPATH\index.php(59): CodeIgniter\Boot::bootWeb(Object(Config\Paths))
WARNING - 2026-06-16 04:29:25 --> [DEPRECATED] Creation of dynamic property App\Controllers\Bengkel::$ModelSetting is deprecated in APPPATH\Controllers\Bengkel.php on line 16.
 1 SYSTEMPATH\CodeIgniter.php(921): App\Controllers\Bengkel->__construct()
 2 SYSTEMPATH\CodeIgniter.php(488): CodeIgniter\CodeIgniter->createController()
 3 SYSTEMPATH\CodeIgniter.php(340): CodeIgniter\CodeIgniter->handleRequest(null, Object(Config\Cache), false)
 4 SYSTEMPATH\Boot.php(417): CodeIgniter\CodeIgniter->run()
 5 SYSTEMPATH\Boot.php(68): CodeIgniter\Boot::runCodeIgniter(Object(CodeIgniter\CodeIgniter))
 6 FCPATH\index.php(59): CodeIgniter\Boot::bootWeb(Object(Config\Paths))
WARNING - 2026-06-16 04:29:25 --> [DEPRECATED] Creation of dynamic property App\Controllers\Bengkel::$ModelBengkel is deprecated in APPPATH\Controllers\Bengkel.php on line 17.
 1 SYSTEMPATH\CodeIgniter.php(921): App\Controllers\Bengkel->__construct()
 2 SYSTEMPATH\CodeIgniter.php(488): CodeIgniter\CodeIgniter->createController()
 3 SYSTEMPATH\CodeIgniter.php(340): CodeIgniter\CodeIgniter->handleRequest(null, Object(Config\Cache), false)
 4 SYSTEMPATH\Boot.php(417): CodeIgniter\CodeIgniter->run()
 5 SYSTEMPATH\Boot.php(68): CodeIgniter\Boot::runCodeIgniter(Object(CodeIgniter\CodeIgniter))
 6 FCPATH\index.php(59): CodeIgniter\Boot::bootWeb(Object(Config\Paths))
WARNING - 2026-06-16 04:29:25 --> [DEPRECATED] Creation of dynamic property App\Controllers\Bengkel::$ModelKategori is deprecated in APPPATH\Controllers\Bengkel.php on line 18.
 1 SYSTEMPATH\CodeIgniter.php(921): App\Controllers\Bengkel->__construct()
 2 SYSTEMPATH\CodeIgniter.php(488): CodeIgniter\CodeIgniter->createController()
 3 SYSTEMPATH\CodeIgniter.php(340): CodeIgniter\CodeIgniter->handleRequest(null, Object(Config\Cache), false)
 4 SYSTEMPATH\Boot.php(417): CodeIgniter\CodeIgniter->run()
 5 SYSTEMPATH\Boot.php(68): CodeIgniter\Boot::runCodeIgniter(Object(CodeIgniter\CodeIgniter))
 6 FCPATH\index.php(59): CodeIgniter\Boot::bootWeb(Object(Config\Paths))
DEBUG - 2026-06-16 04:29:25 --> Session: Class initialized using 'CodeIgniter\Session\Handlers\FileHandler' driver.
WARNING - 2026-06-16 04:30:04 --> [DEPRECATED] Creation of dynamic property App\Controllers\Bengkel::$ModelWilayah is deprecated in APPPATH\Controllers\Bengkel.php on line 15.
 1 SYSTEMPATH\CodeIgniter.php(921): App\Controllers\Bengkel->__construct()
 2 SYSTEMPATH\CodeIgniter.php(488): CodeIgniter\CodeIgniter->createController()
 3 SYSTEMPATH\CodeIgniter.php(340): CodeIgniter\CodeIgniter->handleRequest(null, Object(Config\Cache), false)
 4 SYSTEMPATH\Boot.php(417): CodeIgniter\CodeIgniter->run()
 5 SYSTEMPATH\Boot.php(68): CodeIgniter\Boot::runCodeIgniter(Object(CodeIgniter\CodeIgniter))
 6 FCPATH\index.php(59): CodeIgniter\Boot::bootWeb(Object(Config\Paths))
WARNING - 2026-06-16 04:30:04 --> [DEPRECATED] Creation of dynamic property App\Controllers\Bengkel::$ModelSetting is deprecated in APPPATH\Controllers\Bengkel.php on line 16.
 1 SYSTEMPATH\CodeIgniter.php(921): App\Controllers\Bengkel->__construct()
 2 SYSTEMPATH\CodeIgniter.php(488): CodeIgniter\CodeIgniter->createController()
 3 SYSTEMPATH\CodeIgniter.php(340): CodeIgniter\CodeIgniter->handleRequest(null, Object(Config\Cache), false)
 4 SYSTEMPATH\Boot.php(417): CodeIgniter\CodeIgniter->run()
 5 SYSTEMPATH\Boot.php(68): CodeIgniter\Boot::runCodeIgniter(Object(CodeIgniter\CodeIgniter))
 6 FCPATH\index.php(59): CodeIgniter\Boot::bootWeb(Object(Config\Paths))
WARNING - 2026-06-16 04:30:04 --> [DEPRECATED] Creation of dynamic property App\Controllers\Bengkel::$ModelBengkel is deprecated in APPPATH\Controllers\Bengkel.php on line 17.
 1 SYSTEMPATH\CodeIgniter.php(921): App\Controllers\Bengkel->__construct()
 2 SYSTEMPATH\CodeIgniter.php(488): CodeIgniter\CodeIgniter->createController()
 3 SYSTEMPATH\CodeIgniter.php(340): CodeIgniter\CodeIgniter->handleRequest(null, Object(Config\Cache), false)
 4 SYSTEMPATH\Boot.php(417): CodeIgniter\CodeIgniter->run()
 5 SYSTEMPATH\Boot.php(68): CodeIgniter\Boot::runCodeIgniter(Object(CodeIgniter\CodeIgniter))
 6 FCPATH\index.php(59): CodeIgniter\Boot::bootWeb(Object(Config\Paths))
WARNING - 2026-06-16 04:30:04 --> [DEPRECATED] Creation of dynamic property App\Controllers\Bengkel::$ModelKategori is deprecated in APPPATH\Controllers\Bengkel.php on line 18.
 1 SYSTEMPATH\CodeIgniter.php(921): App\Controllers\Bengkel->__construct()
 2 SYSTEMPATH\CodeIgniter.php(488): CodeIgniter\CodeIgniter->createController()
 3 SYSTEMPATH\CodeIgniter.php(340): CodeIgniter\CodeIgniter->handleRequest(null, Object(Config\Cache), false)
 4 SYSTEMPATH\Boot.php(417): CodeIgniter\CodeIgniter->run()
 5 SYSTEMPATH\Boot.php(68): CodeIgniter\Boot::runCodeIgniter(Object(CodeIgniter\CodeIgniter))
 6 FCPATH\index.php(59): CodeIgniter\Boot::bootWeb(Object(Config\Paths))
DEBUG - 2026-06-16 04:30:04 --> Session: Class initialized using 'CodeIgniter\Session\Handlers\FileHandler' driver.
WARNING - 2026-06-16 04:30:18 --> [DEPRECATED] Creation of dynamic property App\Controllers\Bengkel::$ModelWilayah is deprecated in APPPATH\Controllers\Bengkel.php on line 15.
 1 SYSTEMPATH\CodeIgniter.php(921): App\Controllers\Bengkel->__construct()
 2 SYSTEMPATH\CodeIgniter.php(488): CodeIgniter\CodeIgniter->createController()
 3 SYSTEMPATH\CodeIgniter.php(340): CodeIgniter\CodeIgniter->handleRequest(null, Object(Config\Cache), false)
 4 SYSTEMPATH\Boot.php(417): CodeIgniter\CodeIgniter->run()
 5 SYSTEMPATH\Boot.php(68): CodeIgniter\Boot::runCodeIgniter(Object(CodeIgniter\CodeIgniter))
 6 FCPATH\index.php(59): CodeIgniter\Boot::bootWeb(Object(Config\Paths))
WARNING - 2026-06-16 04:30:18 --> [DEPRECATED] Creation of dynamic property App\Controllers\Bengkel::$ModelSetting is deprecated in APPPATH\Controllers\Bengkel.php on line 16.
 1 SYSTEMPATH\CodeIgniter.php(921): App\Controllers\Bengkel->__construct()
 2 SYSTEMPATH\CodeIgniter.php(488): CodeIgniter\CodeIgniter->createController()
 3 SYSTEMPATH\CodeIgniter.php(340): CodeIgniter\CodeIgniter->handleRequest(null, Object(Config\Cache), false)
 4 SYSTEMPATH\Boot.php(417): CodeIgniter\CodeIgniter->run()
 5 SYSTEMPATH\Boot.php(68): CodeIgniter\Boot::runCodeIgniter(Object(CodeIgniter\CodeIgniter))
 6 FCPATH\index.php(59): CodeIgniter\Boot::bootWeb(Object(Config\Paths))
WARNING - 2026-06-16 04:30:18 --> [DEPRECATED] Creation of dynamic property App\Controllers\Bengkel::$ModelBengkel is deprecated in APPPATH\Controllers\Bengkel.php on line 17.
 1 SYSTEMPATH\CodeIgniter.php(921): App\Controllers\Bengkel->__construct()
 2 SYSTEMPATH\CodeIgniter.php(488): CodeIgniter\CodeIgniter->createController()
 3 SYSTEMPATH\CodeIgniter.php(340): CodeIgniter\CodeIgniter->handleRequest(null, Object(Config\Cache), false)
 4 SYSTEMPATH\Boot.php(417): CodeIgniter\CodeIgniter->run()
 5 SYSTEMPATH\Boot.php(68): CodeIgniter\Boot::runCodeIgniter(Object(CodeIgniter\CodeIgniter))
 6 FCPATH\index.php(59): CodeIgniter\Boot::bootWeb(Object(Config\Paths))
WARNING - 2026-06-16 04:30:18 --> [DEPRECATED] Creation of dynamic property App\Controllers\Bengkel::$ModelKategori is deprecated in APPPATH\Controllers\Bengkel.php on line 18.
 1 SYSTEMPATH\CodeIgniter.php(921): App\Controllers\Bengkel->__construct()
 2 SYSTEMPATH\CodeIgniter.php(488): CodeIgniter\CodeIgniter->createController()
 3 SYSTEMPATH\CodeIgniter.php(340): CodeIgniter\CodeIgniter->handleRequest(null, Object(Config\Cache), false)
 4 SYSTEMPATH\Boot.php(417): CodeIgniter\CodeIgniter->run()
 5 SYSTEMPATH\Boot.php(68): CodeIgniter\Boot::runCodeIgniter(Object(CodeIgniter\CodeIgniter))
 6 FCPATH\index.php(59): CodeIgniter\Boot::bootWeb(Object(Config\Paths))
DEBUG - 2026-06-16 04:30:18 --> Session: Class initialized using 'CodeIgniter\Session\Handlers\FileHandler' driver.
WARNING - 2026-06-16 04:32:56 --> [DEPRECATED] Creation of dynamic property App\Controllers\Bengkel::$ModelWilayah is deprecated in APPPATH\Controllers\Bengkel.php on line 15.
 1 SYSTEMPATH\CodeIgniter.php(921): App\Controllers\Bengkel->__construct()
 2 SYSTEMPATH\CodeIgniter.php(488): CodeIgniter\CodeIgniter->createController()
 3 SYSTEMPATH\CodeIgniter.php(340): CodeIgniter\CodeIgniter->handleRequest(null, Object(Config\Cache), false)
 4 SYSTEMPATH\Boot.php(417): CodeIgniter\CodeIgniter->run()
 5 SYSTEMPATH\Boot.php(68): CodeIgniter\Boot::runCodeIgniter(Object(CodeIgniter\CodeIgniter))
 6 FCPATH\index.php(59): CodeIgniter\Boot::bootWeb(Object(Config\Paths))
WARNING - 2026-06-16 04:32:56 --> [DEPRECATED] Creation of dynamic property App\Controllers\Bengkel::$ModelSetting is deprecated in APPPATH\Controllers\Bengkel.php on line 16.
 1 SYSTEMPATH\CodeIgniter.php(921): App\Controllers\Bengkel->__construct()
 2 SYSTEMPATH\CodeIgniter.php(488): CodeIgniter\CodeIgniter->createController()
 3 SYSTEMPATH\CodeIgniter.php(340): CodeIgniter\CodeIgniter->handleRequest(null, Object(Config\Cache), false)
 4 SYSTEMPATH\Boot.php(417): CodeIgniter\CodeIgniter->run()
 5 SYSTEMPATH\Boot.php(68): CodeIgniter\Boot::runCodeIgniter(Object(CodeIgniter\CodeIgniter))
 6 FCPATH\index.php(59): CodeIgniter\Boot::bootWeb(Object(Config\Paths))
WARNING - 2026-06-16 04:32:56 --> [DEPRECATED] Creation of dynamic property App\Controllers\Bengkel::$ModelBengkel is deprecated in APPPATH\Controllers\Bengkel.php on line 17.
 1 SYSTEMPATH\CodeIgniter.php(921): App\Controllers\Bengkel->__construct()
 2 SYSTEMPATH\CodeIgniter.php(488): CodeIgniter\CodeIgniter->createController()
 3 SYSTEMPATH\CodeIgniter.php(340): CodeIgniter\CodeIgniter->handleRequest(null, Object(Config\Cache), false)
 4 SYSTEMPATH\Boot.php(417): CodeIgniter\CodeIgniter->run()
 5 SYSTEMPATH\Boot.php(68): CodeIgniter\Boot::runCodeIgniter(Object(CodeIgniter\CodeIgniter))
 6 FCPATH\index.php(59): CodeIgniter\Boot::bootWeb(Object(Config\Paths))
WARNING - 2026-06-16 04:32:56 --> [DEPRECATED] Creation of dynamic property App\Controllers\Bengkel::$ModelKategori is deprecated in APPPATH\Controllers\Bengkel.php on line 18.
 1 SYSTEMPATH\CodeIgniter.php(921): App\Controllers\Bengkel->__construct()
 2 SYSTEMPATH\CodeIgniter.php(488): CodeIgniter\CodeIgniter->createController()
 3 SYSTEMPATH\CodeIgniter.php(340): CodeIgniter\CodeIgniter->handleRequest(null, Object(Config\Cache), false)
 4 SYSTEMPATH\Boot.php(417): CodeIgniter\CodeIgniter->run()
 5 SYSTEMPATH\Boot.php(68): CodeIgniter\Boot::runCodeIgniter(Object(CodeIgniter\CodeIgniter))
 6 FCPATH\index.php(59): CodeIgniter\Boot::bootWeb(Object(Config\Paths))
DEBUG - 2026-06-16 04:32:56 --> Session: Class initialized using 'CodeIgniter\Session\Handlers\FileHandler' driver.
WARNING - 2026-06-16 04:32:58 --> [DEPRECATED] Creation of dynamic property App\Controllers\Bengkel::$ModelWilayah is deprecated in APPPATH\Controllers\Bengkel.php on line 15.
 1 SYSTEMPATH\CodeIgniter.php(921): App\Controllers\Bengkel->__construct()
 2 SYSTEMPATH\CodeIgniter.php(488): CodeIgniter\CodeIgniter->createController()
 3 SYSTEMPATH\CodeIgniter.php(340): CodeIgniter\CodeIgniter->handleRequest(null, Object(Config\Cache), false)
 4 SYSTEMPATH\Boot.php(417): CodeIgniter\CodeIgniter->run()
 5 SYSTEMPATH\Boot.php(68): CodeIgniter\Boot::runCodeIgniter(Object(CodeIgniter\CodeIgniter))
 6 FCPATH\index.php(59): CodeIgniter\Boot::bootWeb(Object(Config\Paths))
WARNING - 2026-06-16 04:32:58 --> [DEPRECATED] Creation of dynamic property App\Controllers\Bengkel::$ModelSetting is deprecated in APPPATH\Controllers\Bengkel.php on line 16.
 1 SYSTEMPATH\CodeIgniter.php(921): App\Controllers\Bengkel->__construct()
 2 SYSTEMPATH\CodeIgniter.php(488): CodeIgniter\CodeIgniter->createController()
 3 SYSTEMPATH\CodeIgniter.php(340): CodeIgniter\CodeIgniter->handleRequest(null, Object(Config\Cache), false)
 4 SYSTEMPATH\Boot.php(417): CodeIgniter\CodeIgniter->run()
 5 SYSTEMPATH\Boot.php(68): CodeIgniter\Boot::runCodeIgniter(Object(CodeIgniter\CodeIgniter))
 6 FCPATH\index.php(59): CodeIgniter\Boot::bootWeb(Object(Config\Paths))
WARNING - 2026-06-16 04:32:58 --> [DEPRECATED] Creation of dynamic property App\Controllers\Bengkel::$ModelBengkel is deprecated in APPPATH\Controllers\Bengkel.php on line 17.
 1 SYSTEMPATH\CodeIgniter.php(921): App\Controllers\Bengkel->__construct()
 2 SYSTEMPATH\CodeIgniter.php(488): CodeIgniter\CodeIgniter->createController()
 3 SYSTEMPATH\CodeIgniter.php(340): CodeIgniter\CodeIgniter->handleRequest(null, Object(Config\Cache), false)
 4 SYSTEMPATH\Boot.php(417): CodeIgniter\CodeIgniter->run()
 5 SYSTEMPATH\Boot.php(68): CodeIgniter\Boot::runCodeIgniter(Object(CodeIgniter\CodeIgniter))
 6 FCPATH\index.php(59): CodeIgniter\Boot::bootWeb(Object(Config\Paths))
WARNING - 2026-06-16 04:32:58 --> [DEPRECATED] Creation of dynamic property App\Controllers\Bengkel::$ModelKategori is deprecated in APPPATH\Controllers\Bengkel.php on line 18.
 1 SYSTEMPATH\CodeIgniter.php(921): App\Controllers\Bengkel->__construct()
 2 SYSTEMPATH\CodeIgniter.php(488): CodeIgniter\CodeIgniter->createController()
 3 SYSTEMPATH\CodeIgniter.php(340): CodeIgniter\CodeIgniter->handleRequest(null, Object(Config\Cache), false)
 4 SYSTEMPATH\Boot.php(417): CodeIgniter\CodeIgniter->run()
 5 SYSTEMPATH\Boot.php(68): CodeIgniter\Boot::runCodeIgniter(Object(CodeIgniter\CodeIgniter))
 6 FCPATH\index.php(59): CodeIgniter\Boot::bootWeb(Object(Config\Paths))
DEBUG - 2026-06-16 04:32:58 --> Session: Class initialized using 'CodeIgniter\Session\Handlers\FileHandler' driver.
WARNING - 2026-06-16 04:33:00 --> [DEPRECATED] Creation of dynamic property App\Controllers\Bengkel::$ModelWilayah is deprecated in APPPATH\Controllers\Bengkel.php on line 15.
 1 SYSTEMPATH\CodeIgniter.php(921): App\Controllers\Bengkel->__construct()
 2 SYSTEMPATH\CodeIgniter.php(488): CodeIgniter\CodeIgniter->createController()
 3 SYSTEMPATH\CodeIgniter.php(340): CodeIgniter\CodeIgniter->handleRequest(null, Object(Config\Cache), false)
 4 SYSTEMPATH\Boot.php(417): CodeIgniter\CodeIgniter->run()
 5 SYSTEMPATH\Boot.php(68): CodeIgniter\Boot::runCodeIgniter(Object(CodeIgniter\CodeIgniter))
 6 FCPATH\index.php(59): CodeIgniter\Boot::bootWeb(Object(Config\Paths))
WARNING - 2026-06-16 04:33:00 --> [DEPRECATED] Creation of dynamic property App\Controllers\Bengkel::$ModelSetting is deprecated in APPPATH\Controllers\Bengkel.php on line 16.
 1 SYSTEMPATH\CodeIgniter.php(921): App\Controllers\Bengkel->__construct()
 2 SYSTEMPATH\CodeIgniter.php(488): CodeIgniter\CodeIgniter->createController()
 3 SYSTEMPATH\CodeIgniter.php(340): CodeIgniter\CodeIgniter->handleRequest(null, Object(Config\Cache), false)
 4 SYSTEMPATH\Boot.php(417): CodeIgniter\CodeIgniter->run()
 5 SYSTEMPATH\Boot.php(68): CodeIgniter\Boot::runCodeIgniter(Object(CodeIgniter\CodeIgniter))
 6 FCPATH\index.php(59): CodeIgniter\Boot::bootWeb(Object(Config\Paths))
WARNING - 2026-06-16 04:33:00 --> [DEPRECATED] Creation of dynamic property App\Controllers\Bengkel::$ModelBengkel is deprecated in APPPATH\Controllers\Bengkel.php on line 17.
 1 SYSTEMPATH\CodeIgniter.php(921): App\Controllers\Bengkel->__construct()
 2 SYSTEMPATH\CodeIgniter.php(488): CodeIgniter\CodeIgniter->createController()
 3 SYSTEMPATH\CodeIgniter.php(340): CodeIgniter\CodeIgniter->handleRequest(null, Object(Config\Cache), false)
 4 SYSTEMPATH\Boot.php(417): CodeIgniter\CodeIgniter->run()
 5 SYSTEMPATH\Boot.php(68): CodeIgniter\Boot::runCodeIgniter(Object(CodeIgniter\CodeIgniter))
 6 FCPATH\index.php(59): CodeIgniter\Boot::bootWeb(Object(Config\Paths))
WARNING - 2026-06-16 04:33:00 --> [DEPRECATED] Creation of dynamic property App\Controllers\Bengkel::$ModelKategori is deprecated in APPPATH\Controllers\Bengkel.php on line 18.
 1 SYSTEMPATH\CodeIgniter.php(921): App\Controllers\Bengkel->__construct()
 2 SYSTEMPATH\CodeIgniter.php(488): CodeIgniter\CodeIgniter->createController()
 3 SYSTEMPATH\CodeIgniter.php(340): CodeIgniter\CodeIgniter->handleRequest(null, Object(Config\Cache), false)
 4 SYSTEMPATH\Boot.php(417): CodeIgniter\CodeIgniter->run()
 5 SYSTEMPATH\Boot.php(68): CodeIgniter\Boot::runCodeIgniter(Object(CodeIgniter\CodeIgniter))
 6 FCPATH\index.php(59): CodeIgniter\Boot::bootWeb(Object(Config\Paths))
DEBUG - 2026-06-16 04:33:00 --> Session: Class initialized using 'CodeIgniter\Session\Handlers\FileHandler' driver.
CRITICAL - 2026-06-16 04:44:30 --> ParseError: syntax error, unexpected variable "$foto"
[Method: POST, Route: Bengkel/UpdateData/6]
in APPPATH\Controllers\Bengkel.php on line 129.
 1 SYSTEMPATH\Autoloader\Autoloader.php(295): CodeIgniter\Autoloader\Autoloader->includeFile('C:\\laragon\\www\\gis_bengkel\\app\\Controllers\\Bengkel.php')
 2 SYSTEMPATH\Autoloader\Autoloader.php(271): CodeIgniter\Autoloader\Autoloader->loadInNamespace('App\\Controllers\\Bengkel')
 3 [internal function]: CodeIgniter\Autoloader\Autoloader->loadClass('App\\Controllers\\Bengkel')
 4 SYSTEMPATH\Router\Router.php(792): class_exists('\\App\\Controllers\\Bengkel')
 5 SYSTEMPATH\Router\Router.php(230): CodeIgniter\Router\Router->processRouteAttributes()
 6 SYSTEMPATH\CodeIgniter.php(829): CodeIgniter\Router\Router->handle('Bengkel/UpdateData/6')
 7 SYSTEMPATH\CodeIgniter.php(441): CodeIgniter\CodeIgniter->tryToRouteIt(Object(CodeIgniter\Router\RouteCollection))
 8 SYSTEMPATH\CodeIgniter.php(340): CodeIgniter\CodeIgniter->handleRequest(null, Object(Config\Cache), false)
 9 SYSTEMPATH\Boot.php(417): CodeIgniter\CodeIgniter->run()
10 SYSTEMPATH\Boot.php(68): CodeIgniter\Boot::runCodeIgniter(Object(CodeIgniter\CodeIgniter))
11 FCPATH\index.php(59): CodeIgniter\Boot::bootWeb(Object(Config\Paths))
CRITICAL - 2026-06-16 04:45:39 --> ParseError: syntax error, unexpected token "public"
[Method: POST, Route: Bengkel/UpdateData/6]
in APPPATH\Controllers\Bengkel.php on line 164.
 1 SYSTEMPATH\Autoloader\Autoloader.php(295): CodeIgniter\Autoloader\Autoloader->includeFile('C:\\laragon\\www\\gis_bengkel\\app\\Controllers\\Bengkel.php')
 2 SYSTEMPATH\Autoloader\Autoloader.php(271): CodeIgniter\Autoloader\Autoloader->loadInNamespace('App\\Controllers\\Bengkel')
 3 [internal function]: CodeIgniter\Autoloader\Autoloader->loadClass('App\\Controllers\\Bengkel')
 4 SYSTEMPATH\Router\Router.php(792): class_exists('\\App\\Controllers\\Bengkel')
 5 SYSTEMPATH\Router\Router.php(230): CodeIgniter\Router\Router->processRouteAttributes()
 6 SYSTEMPATH\CodeIgniter.php(829): CodeIgniter\Router\Router->handle('Bengkel/UpdateData/6')
 7 SYSTEMPATH\CodeIgniter.php(441): CodeIgniter\CodeIgniter->tryToRouteIt(Object(CodeIgniter\Router\RouteCollection))
 8 SYSTEMPATH\CodeIgniter.php(340): CodeIgniter\CodeIgniter->handleRequest(null, Object(Config\Cache), false)
 9 SYSTEMPATH\Boot.php(417): CodeIgniter\CodeIgniter->run()
10 SYSTEMPATH\Boot.php(68): CodeIgniter\Boot::runCodeIgniter(Object(CodeIgniter\CodeIgniter))
11 FCPATH\index.php(59): CodeIgniter\Boot::bootWeb(Object(Config\Paths))
CRITICAL - 2026-06-16 04:46:45 --> ParseError: syntax error, unexpected token "public"
[Method: POST, Route: Bengkel/UpdateData/6]
in APPPATH\Controllers\Bengkel.php on line 163.
 1 SYSTEMPATH\Autoloader\Autoloader.php(295): CodeIgniter\Autoloader\Autoloader->includeFile('C:\\laragon\\www\\gis_bengkel\\app\\Controllers\\Bengkel.php')
 2 SYSTEMPATH\Autoloader\Autoloader.php(271): CodeIgniter\Autoloader\Autoloader->loadInNamespace('App\\Controllers\\Bengkel')
 3 [internal function]: CodeIgniter\Autoloader\Autoloader->loadClass('App\\Controllers\\Bengkel')
 4 SYSTEMPATH\Router\Router.php(792): class_exists('\\App\\Controllers\\Bengkel')
 5 SYSTEMPATH\Router\Router.php(230): CodeIgniter\Router\Router->processRouteAttributes()
 6 SYSTEMPATH\CodeIgniter.php(829): CodeIgniter\Router\Router->handle('Bengkel/UpdateData/6')
 7 SYSTEMPATH\CodeIgniter.php(441): CodeIgniter\CodeIgniter->tryToRouteIt(Object(CodeIgniter\Router\RouteCollection))
 8 SYSTEMPATH\CodeIgniter.php(340): CodeIgniter\CodeIgniter->handleRequest(null, Object(Config\Cache), false)
 9 SYSTEMPATH\Boot.php(417): CodeIgniter\CodeIgniter->run()
10 SYSTEMPATH\Boot.php(68): CodeIgniter\Boot::runCodeIgniter(Object(CodeIgniter\CodeIgniter))
11 FCPATH\index.php(59): CodeIgniter\Boot::bootWeb(Object(Config\Paths))
WARNING - 2026-06-16 04:47:02 --> [DEPRECATED] Creation of dynamic property App\Controllers\Bengkel::$ModelWilayah is deprecated in APPPATH\Controllers\Bengkel.php on line 15.
 1 SYSTEMPATH\CodeIgniter.php(921): App\Controllers\Bengkel->__construct()
 2 SYSTEMPATH\CodeIgniter.php(488): CodeIgniter\CodeIgniter->createController()
 3 SYSTEMPATH\CodeIgniter.php(340): CodeIgniter\CodeIgniter->handleRequest(null, Object(Config\Cache), false)
 4 SYSTEMPATH\Boot.php(417): CodeIgniter\CodeIgniter->run()
 5 SYSTEMPATH\Boot.php(68): CodeIgniter\Boot::runCodeIgniter(Object(CodeIgniter\CodeIgniter))
 6 FCPATH\index.php(59): CodeIgniter\Boot::bootWeb(Object(Config\Paths))
WARNING - 2026-06-16 04:47:02 --> [DEPRECATED] Creation of dynamic property App\Controllers\Bengkel::$ModelSetting is deprecated in APPPATH\Controllers\Bengkel.php on line 16.
 1 SYSTEMPATH\CodeIgniter.php(921): App\Controllers\Bengkel->__construct()
 2 SYSTEMPATH\CodeIgniter.php(488): CodeIgniter\CodeIgniter->createController()
 3 SYSTEMPATH\CodeIgniter.php(340): CodeIgniter\CodeIgniter->handleRequest(null, Object(Config\Cache), false)
 4 SYSTEMPATH\Boot.php(417): CodeIgniter\CodeIgniter->run()
 5 SYSTEMPATH\Boot.php(68): CodeIgniter\Boot::runCodeIgniter(Object(CodeIgniter\CodeIgniter))
 6 FCPATH\index.php(59): CodeIgniter\Boot::bootWeb(Object(Config\Paths))
WARNING - 2026-06-16 04:47:02 --> [DEPRECATED] Creation of dynamic property App\Controllers\Bengkel::$ModelBengkel is deprecated in APPPATH\Controllers\Bengkel.php on line 17.
 1 SYSTEMPATH\CodeIgniter.php(921): App\Controllers\Bengkel->__construct()
 2 SYSTEMPATH\CodeIgniter.php(488): CodeIgniter\CodeIgniter->createController()
 3 SYSTEMPATH\CodeIgniter.php(340): CodeIgniter\CodeIgniter->handleRequest(null, Object(Config\Cache), false)
 4 SYSTEMPATH\Boot.php(417): CodeIgniter\CodeIgniter->run()
 5 SYSTEMPATH\Boot.php(68): CodeIgniter\Boot::runCodeIgniter(Object(CodeIgniter\CodeIgniter))
 6 FCPATH\index.php(59): CodeIgniter\Boot::bootWeb(Object(Config\Paths))
WARNING - 2026-06-16 04:47:02 --> [DEPRECATED] Creation of dynamic property App\Controllers\Bengkel::$ModelKategori is deprecated in APPPATH\Controllers\Bengkel.php on line 18.
 1 SYSTEMPATH\CodeIgniter.php(921): App\Controllers\Bengkel->__construct()
 2 SYSTEMPATH\CodeIgniter.php(488): CodeIgniter\CodeIgniter->createController()
 3 SYSTEMPATH\CodeIgniter.php(340): CodeIgniter\CodeIgniter->handleRequest(null, Object(Config\Cache), false)
 4 SYSTEMPATH\Boot.php(417): CodeIgniter\CodeIgniter->run()
 5 SYSTEMPATH\Boot.php(68): CodeIgniter\Boot::runCodeIgniter(Object(CodeIgniter\CodeIgniter))
 6 FCPATH\index.php(59): CodeIgniter\Boot::bootWeb(Object(Config\Paths))
WARNING - 2026-06-16 04:49:28 --> [DEPRECATED] Creation of dynamic property App\Controllers\Bengkel::$ModelWilayah is deprecated in APPPATH\Controllers\Bengkel.php on line 15.
 1 SYSTEMPATH\CodeIgniter.php(921): App\Controllers\Bengkel->__construct()
 2 SYSTEMPATH\CodeIgniter.php(488): CodeIgniter\CodeIgniter->createController()
 3 SYSTEMPATH\CodeIgniter.php(340): CodeIgniter\CodeIgniter->handleRequest(null, Object(Config\Cache), false)
 4 SYSTEMPATH\Boot.php(417): CodeIgniter\CodeIgniter->run()
 5 SYSTEMPATH\Boot.php(68): CodeIgniter\Boot::runCodeIgniter(Object(CodeIgniter\CodeIgniter))
 6 FCPATH\index.php(59): CodeIgniter\Boot::bootWeb(Object(Config\Paths))
WARNING - 2026-06-16 04:49:28 --> [DEPRECATED] Creation of dynamic property App\Controllers\Bengkel::$ModelSetting is deprecated in APPPATH\Controllers\Bengkel.php on line 16.
 1 SYSTEMPATH\CodeIgniter.php(921): App\Controllers\Bengkel->__construct()
 2 SYSTEMPATH\CodeIgniter.php(488): CodeIgniter\CodeIgniter->createController()
 3 SYSTEMPATH\CodeIgniter.php(340): CodeIgniter\CodeIgniter->handleRequest(null, Object(Config\Cache), false)
 4 SYSTEMPATH\Boot.php(417): CodeIgniter\CodeIgniter->run()
 5 SYSTEMPATH\Boot.php(68): CodeIgniter\Boot::runCodeIgniter(Object(CodeIgniter\CodeIgniter))
 6 FCPATH\index.php(59): CodeIgniter\Boot::bootWeb(Object(Config\Paths))
WARNING - 2026-06-16 04:49:28 --> [DEPRECATED] Creation of dynamic property App\Controllers\Bengkel::$ModelBengkel is deprecated in APPPATH\Controllers\Bengkel.php on line 17.
 1 SYSTEMPATH\CodeIgniter.php(921): App\Controllers\Bengkel->__construct()
 2 SYSTEMPATH\CodeIgniter.php(488): CodeIgniter\CodeIgniter->createController()
 3 SYSTEMPATH\CodeIgniter.php(340): CodeIgniter\CodeIgniter->handleRequest(null, Object(Config\Cache), false)
 4 SYSTEMPATH\Boot.php(417): CodeIgniter\CodeIgniter->run()
 5 SYSTEMPATH\Boot.php(68): CodeIgniter\Boot::runCodeIgniter(Object(CodeIgniter\CodeIgniter))
 6 FCPATH\index.php(59): CodeIgniter\Boot::bootWeb(Object(Config\Paths))
WARNING - 2026-06-16 04:49:28 --> [DEPRECATED] Creation of dynamic property App\Controllers\Bengkel::$ModelKategori is deprecated in APPPATH\Controllers\Bengkel.php on line 18.
 1 SYSTEMPATH\CodeIgniter.php(921): App\Controllers\Bengkel->__construct()
 2 SYSTEMPATH\CodeIgniter.php(488): CodeIgniter\CodeIgniter->createController()
 3 SYSTEMPATH\CodeIgniter.php(340): CodeIgniter\CodeIgniter->handleRequest(null, Object(Config\Cache), false)
 4 SYSTEMPATH\Boot.php(417): CodeIgniter\CodeIgniter->run()
 5 SYSTEMPATH\Boot.php(68): CodeIgniter\Boot::runCodeIgniter(Object(CodeIgniter\CodeIgniter))
 6 FCPATH\index.php(59): CodeIgniter\Boot::bootWeb(Object(Config\Paths))
DEBUG - 2026-06-16 04:49:28 --> Session: Class initialized using 'CodeIgniter\Session\Handlers\FileHandler' driver.
WARNING - 2026-06-16 04:49:29 --> [DEPRECATED] Creation of dynamic property App\Controllers\Bengkel::$ModelWilayah is deprecated in APPPATH\Controllers\Bengkel.php on line 15.
 1 SYSTEMPATH\CodeIgniter.php(921): App\Controllers\Bengkel->__construct()
 2 SYSTEMPATH\CodeIgniter.php(488): CodeIgniter\CodeIgniter->createController()
 3 SYSTEMPATH\CodeIgniter.php(340): CodeIgniter\CodeIgniter->handleRequest(null, Object(Config\Cache), false)
 4 SYSTEMPATH\Boot.php(417): CodeIgniter\CodeIgniter->run()
 5 SYSTEMPATH\Boot.php(68): CodeIgniter\Boot::runCodeIgniter(Object(CodeIgniter\CodeIgniter))
 6 FCPATH\index.php(59): CodeIgniter\Boot::bootWeb(Object(Config\Paths))
WARNING - 2026-06-16 04:49:29 --> [DEPRECATED] Creation of dynamic property App\Controllers\Bengkel::$ModelSetting is deprecated in APPPATH\Controllers\Bengkel.php on line 16.
 1 SYSTEMPATH\CodeIgniter.php(921): App\Controllers\Bengkel->__construct()
 2 SYSTEMPATH\CodeIgniter.php(488): CodeIgniter\CodeIgniter->createController()
 3 SYSTEMPATH\CodeIgniter.php(340): CodeIgniter\CodeIgniter->handleRequest(null, Object(Config\Cache), false)
 4 SYSTEMPATH\Boot.php(417): CodeIgniter\CodeIgniter->run()
 5 SYSTEMPATH\Boot.php(68): CodeIgniter\Boot::runCodeIgniter(Object(CodeIgniter\CodeIgniter))
 6 FCPATH\index.php(59): CodeIgniter\Boot::bootWeb(Object(Config\Paths))
WARNING - 2026-06-16 04:49:29 --> [DEPRECATED] Creation of dynamic property App\Controllers\Bengkel::$ModelBengkel is deprecated in APPPATH\Controllers\Bengkel.php on line 17.
 1 SYSTEMPATH\CodeIgniter.php(921): App\Controllers\Bengkel->__construct()
 2 SYSTEMPATH\CodeIgniter.php(488): CodeIgniter\CodeIgniter->createController()
 3 SYSTEMPATH\CodeIgniter.php(340): CodeIgniter\CodeIgniter->handleRequest(null, Object(Config\Cache), false)
 4 SYSTEMPATH\Boot.php(417): CodeIgniter\CodeIgniter->run()
 5 SYSTEMPATH\Boot.php(68): CodeIgniter\Boot::runCodeIgniter(Object(CodeIgniter\CodeIgniter))
 6 FCPATH\index.php(59): CodeIgniter\Boot::bootWeb(Object(Config\Paths))
WARNING - 2026-06-16 04:49:29 --> [DEPRECATED] Creation of dynamic property App\Controllers\Bengkel::$ModelKategori is deprecated in APPPATH\Controllers\Bengkel.php on line 18.
 1 SYSTEMPATH\CodeIgniter.php(921): App\Controllers\Bengkel->__construct()
 2 SYSTEMPATH\CodeIgniter.php(488): CodeIgniter\CodeIgniter->createController()
 3 SYSTEMPATH\CodeIgniter.php(340): CodeIgniter\CodeIgniter->handleRequest(null, Object(Config\Cache), false)
 4 SYSTEMPATH\Boot.php(417): CodeIgniter\CodeIgniter->run()
 5 SYSTEMPATH\Boot.php(68): CodeIgniter\Boot::runCodeIgniter(Object(CodeIgniter\CodeIgniter))
 6 FCPATH\index.php(59): CodeIgniter\Boot::bootWeb(Object(Config\Paths))
DEBUG - 2026-06-16 04:49:29 --> Session: Class initialized using 'CodeIgniter\Session\Handlers\FileHandler' driver.
WARNING - 2026-06-16 04:49:34 --> [DEPRECATED] Creation of dynamic property App\Controllers\Bengkel::$ModelWilayah is deprecated in APPPATH\Controllers\Bengkel.php on line 15.
 1 SYSTEMPATH\CodeIgniter.php(921): App\Controllers\Bengkel->__construct()
 2 SYSTEMPATH\CodeIgniter.php(488): CodeIgniter\CodeIgniter->createController()
 3 SYSTEMPATH\CodeIgniter.php(340): CodeIgniter\CodeIgniter->handleRequest(null, Object(Config\Cache), false)
 4 SYSTEMPATH\Boot.php(417): CodeIgniter\CodeIgniter->run()
 5 SYSTEMPATH\Boot.php(68): CodeIgniter\Boot::runCodeIgniter(Object(CodeIgniter\CodeIgniter))
 6 FCPATH\index.php(59): CodeIgniter\Boot::bootWeb(Object(Config\Paths))
WARNING - 2026-06-16 04:49:34 --> [DEPRECATED] Creation of dynamic property App\Controllers\Bengkel::$ModelSetting is deprecated in APPPATH\Controllers\Bengkel.php on line 16.
 1 SYSTEMPATH\CodeIgniter.php(921): App\Controllers\Bengkel->__construct()
 2 SYSTEMPATH\CodeIgniter.php(488): CodeIgniter\CodeIgniter->createController()
 3 SYSTEMPATH\CodeIgniter.php(340): CodeIgniter\CodeIgniter->handleRequest(null, Object(Config\Cache), false)
 4 SYSTEMPATH\Boot.php(417): CodeIgniter\CodeIgniter->run()
 5 SYSTEMPATH\Boot.php(68): CodeIgniter\Boot::runCodeIgniter(Object(CodeIgniter\CodeIgniter))
 6 FCPATH\index.php(59): CodeIgniter\Boot::bootWeb(Object(Config\Paths))
WARNING - 2026-06-16 04:49:34 --> [DEPRECATED] Creation of dynamic property App\Controllers\Bengkel::$ModelBengkel is deprecated in APPPATH\Controllers\Bengkel.php on line 17.
 1 SYSTEMPATH\CodeIgniter.php(921): App\Controllers\Bengkel->__construct()
 2 SYSTEMPATH\CodeIgniter.php(488): CodeIgniter\CodeIgniter->createController()
 3 SYSTEMPATH\CodeIgniter.php(340): CodeIgniter\CodeIgniter->handleRequest(null, Object(Config\Cache), false)
 4 SYSTEMPATH\Boot.php(417): CodeIgniter\CodeIgniter->run()
 5 SYSTEMPATH\Boot.php(68): CodeIgniter\Boot::runCodeIgniter(Object(CodeIgniter\CodeIgniter))
 6 FCPATH\index.php(59): CodeIgniter\Boot::bootWeb(Object(Config\Paths))
WARNING - 2026-06-16 04:49:34 --> [DEPRECATED] Creation of dynamic property App\Controllers\Bengkel::$ModelKategori is deprecated in APPPATH\Controllers\Bengkel.php on line 18.
 1 SYSTEMPATH\CodeIgniter.php(921): App\Controllers\Bengkel->__construct()
 2 SYSTEMPATH\CodeIgniter.php(488): CodeIgniter\CodeIgniter->createController()
 3 SYSTEMPATH\CodeIgniter.php(340): CodeIgniter\CodeIgniter->handleRequest(null, Object(Config\Cache), false)
 4 SYSTEMPATH\Boot.php(417): CodeIgniter\CodeIgniter->run()
 5 SYSTEMPATH\Boot.php(68): CodeIgniter\Boot::runCodeIgniter(Object(CodeIgniter\CodeIgniter))
 6 FCPATH\index.php(59): CodeIgniter\Boot::bootWeb(Object(Config\Paths))
DEBUG - 2026-06-16 04:49:34 --> Session: Class initialized using 'CodeIgniter\Session\Handlers\FileHandler' driver.
WARNING - 2026-06-16 04:49:54 --> [DEPRECATED] Creation of dynamic property App\Controllers\Bengkel::$ModelWilayah is deprecated in APPPATH\Controllers\Bengkel.php on line 15.
 1 SYSTEMPATH\CodeIgniter.php(921): App\Controllers\Bengkel->__construct()
 2 SYSTEMPATH\CodeIgniter.php(488): CodeIgniter\CodeIgniter->createController()
 3 SYSTEMPATH\CodeIgniter.php(340): CodeIgniter\CodeIgniter->handleRequest(null, Object(Config\Cache), false)
 4 SYSTEMPATH\Boot.php(417): CodeIgniter\CodeIgniter->run()
 5 SYSTEMPATH\Boot.php(68): CodeIgniter\Boot::runCodeIgniter(Object(CodeIgniter\CodeIgniter))
 6 FCPATH\index.php(59): CodeIgniter\Boot::bootWeb(Object(Config\Paths))
WARNING - 2026-06-16 04:49:54 --> [DEPRECATED] Creation of dynamic property App\Controllers\Bengkel::$ModelSetting is deprecated in APPPATH\Controllers\Bengkel.php on line 16.
 1 SYSTEMPATH\CodeIgniter.php(921): App\Controllers\Bengkel->__construct()
 2 SYSTEMPATH\CodeIgniter.php(488): CodeIgniter\CodeIgniter->createController()
 3 SYSTEMPATH\CodeIgniter.php(340): CodeIgniter\CodeIgniter->handleRequest(null, Object(Config\Cache), false)
 4 SYSTEMPATH\Boot.php(417): CodeIgniter\CodeIgniter->run()
 5 SYSTEMPATH\Boot.php(68): CodeIgniter\Boot::runCodeIgniter(Object(CodeIgniter\CodeIgniter))
 6 FCPATH\index.php(59): CodeIgniter\Boot::bootWeb(Object(Config\Paths))
WARNING - 2026-06-16 04:49:54 --> [DEPRECATED] Creation of dynamic property App\Controllers\Bengkel::$ModelBengkel is deprecated in APPPATH\Controllers\Bengkel.php on line 17.
 1 SYSTEMPATH\CodeIgniter.php(921): App\Controllers\Bengkel->__construct()
 2 SYSTEMPATH\CodeIgniter.php(488): CodeIgniter\CodeIgniter->createController()
 3 SYSTEMPATH\CodeIgniter.php(340): CodeIgniter\CodeIgniter->handleRequest(null, Object(Config\Cache), false)
 4 SYSTEMPATH\Boot.php(417): CodeIgniter\CodeIgniter->run()
 5 SYSTEMPATH\Boot.php(68): CodeIgniter\Boot::runCodeIgniter(Object(CodeIgniter\CodeIgniter))
 6 FCPATH\index.php(59): CodeIgniter\Boot::bootWeb(Object(Config\Paths))
WARNING - 2026-06-16 04:49:54 --> [DEPRECATED] Creation of dynamic property App\Controllers\Bengkel::$ModelKategori is deprecated in APPPATH\Controllers\Bengkel.php on line 18.
 1 SYSTEMPATH\CodeIgniter.php(921): App\Controllers\Bengkel->__construct()
 2 SYSTEMPATH\CodeIgniter.php(488): CodeIgniter\CodeIgniter->createController()
 3 SYSTEMPATH\CodeIgniter.php(340): CodeIgniter\CodeIgniter->handleRequest(null, Object(Config\Cache), false)
 4 SYSTEMPATH\Boot.php(417): CodeIgniter\CodeIgniter->run()
 5 SYSTEMPATH\Boot.php(68): CodeIgniter\Boot::runCodeIgniter(Object(CodeIgniter\CodeIgniter))
 6 FCPATH\index.php(59): CodeIgniter\Boot::bootWeb(Object(Config\Paths))
DEBUG - 2026-06-16 04:49:54 --> Session: Class initialized using 'CodeIgniter\Session\Handlers\FileHandler' driver.
WARNING - 2026-06-16 04:49:54 --> [DEPRECATED] Creation of dynamic property App\Controllers\Bengkel::$ModelWilayah is deprecated in APPPATH\Controllers\Bengkel.php on line 15.
 1 SYSTEMPATH\CodeIgniter.php(921): App\Controllers\Bengkel->__construct()
 2 SYSTEMPATH\CodeIgniter.php(488): CodeIgniter\CodeIgniter->createController()
 3 SYSTEMPATH\CodeIgniter.php(340): CodeIgniter\CodeIgniter->handleRequest(null, Object(Config\Cache), false)
 4 SYSTEMPATH\Boot.php(417): CodeIgniter\CodeIgniter->run()
 5 SYSTEMPATH\Boot.php(68): CodeIgniter\Boot::runCodeIgniter(Object(CodeIgniter\CodeIgniter))
 6 FCPATH\index.php(59): CodeIgniter\Boot::bootWeb(Object(Config\Paths))
WARNING - 2026-06-16 04:49:54 --> [DEPRECATED] Creation of dynamic property App\Controllers\Bengkel::$ModelSetting is deprecated in APPPATH\Controllers\Bengkel.php on line 16.
 1 SYSTEMPATH\CodeIgniter.php(921): App\Controllers\Bengkel->__construct()
 2 SYSTEMPATH\CodeIgniter.php(488): CodeIgniter\CodeIgniter->createController()
 3 SYSTEMPATH\CodeIgniter.php(340): CodeIgniter\CodeIgniter->handleRequest(null, Object(Config\Cache), false)
 4 SYSTEMPATH\Boot.php(417): CodeIgniter\CodeIgniter->run()
 5 SYSTEMPATH\Boot.php(68): CodeIgniter\Boot::runCodeIgniter(Object(CodeIgniter\CodeIgniter))
 6 FCPATH\index.php(59): CodeIgniter\Boot::bootWeb(Object(Config\Paths))
WARNING - 2026-06-16 04:49:54 --> [DEPRECATED] Creation of dynamic property App\Controllers\Bengkel::$ModelBengkel is deprecated in APPPATH\Controllers\Bengkel.php on line 17.
 1 SYSTEMPATH\CodeIgniter.php(921): App\Controllers\Bengkel->__construct()
 2 SYSTEMPATH\CodeIgniter.php(488): CodeIgniter\CodeIgniter->createController()
 3 SYSTEMPATH\CodeIgniter.php(340): CodeIgniter\CodeIgniter->handleRequest(null, Object(Config\Cache), false)
 4 SYSTEMPATH\Boot.php(417): CodeIgniter\CodeIgniter->run()
 5 SYSTEMPATH\Boot.php(68): CodeIgniter\Boot::runCodeIgniter(Object(CodeIgniter\CodeIgniter))
 6 FCPATH\index.php(59): CodeIgniter\Boot::bootWeb(Object(Config\Paths))
WARNING - 2026-06-16 04:49:54 --> [DEPRECATED] Creation of dynamic property App\Controllers\Bengkel::$ModelKategori is deprecated in APPPATH\Controllers\Bengkel.php on line 18.
 1 SYSTEMPATH\CodeIgniter.php(921): App\Controllers\Bengkel->__construct()
 2 SYSTEMPATH\CodeIgniter.php(488): CodeIgniter\CodeIgniter->createController()
 3 SYSTEMPATH\CodeIgniter.php(340): CodeIgniter\CodeIgniter->handleRequest(null, Object(Config\Cache), false)
 4 SYSTEMPATH\Boot.php(417): CodeIgniter\CodeIgniter->run()
 5 SYSTEMPATH\Boot.php(68): CodeIgniter\Boot::runCodeIgniter(Object(CodeIgniter\CodeIgniter))
 6 FCPATH\index.php(59): CodeIgniter\Boot::bootWeb(Object(Config\Paths))
DEBUG - 2026-06-16 04:49:54 --> Session: Class initialized using 'CodeIgniter\Session\Handlers\FileHandler' driver.
WARNING - 2026-06-16 04:49:56 --> [DEPRECATED] Creation of dynamic property App\Controllers\Bengkel::$ModelWilayah is deprecated in APPPATH\Controllers\Bengkel.php on line 15.
 1 SYSTEMPATH\CodeIgniter.php(921): App\Controllers\Bengkel->__construct()
 2 SYSTEMPATH\CodeIgniter.php(488): CodeIgniter\CodeIgniter->createController()
 3 SYSTEMPATH\CodeIgniter.php(340): CodeIgniter\CodeIgniter->handleRequest(null, Object(Config\Cache), false)
 4 SYSTEMPATH\Boot.php(417): CodeIgniter\CodeIgniter->run()
 5 SYSTEMPATH\Boot.php(68): CodeIgniter\Boot::runCodeIgniter(Object(CodeIgniter\CodeIgniter))
 6 FCPATH\index.php(59): CodeIgniter\Boot::bootWeb(Object(Config\Paths))
WARNING - 2026-06-16 04:49:56 --> [DEPRECATED] Creation of dynamic property App\Controllers\Bengkel::$ModelSetting is deprecated in APPPATH\Controllers\Bengkel.php on line 16.
 1 SYSTEMPATH\CodeIgniter.php(921): App\Controllers\Bengkel->__construct()
 2 SYSTEMPATH\CodeIgniter.php(488): CodeIgniter\CodeIgniter->createController()
 3 SYSTEMPATH\CodeIgniter.php(340): CodeIgniter\CodeIgniter->handleRequest(null, Object(Config\Cache), false)
 4 SYSTEMPATH\Boot.php(417): CodeIgniter\CodeIgniter->run()
 5 SYSTEMPATH\Boot.php(68): CodeIgniter\Boot::runCodeIgniter(Object(CodeIgniter\CodeIgniter))
 6 FCPATH\index.php(59): CodeIgniter\Boot::bootWeb(Object(Config\Paths))
WARNING - 2026-06-16 04:49:56 --> [DEPRECATED] Creation of dynamic property App\Controllers\Bengkel::$ModelBengkel is deprecated in APPPATH\Controllers\Bengkel.php on line 17.
 1 SYSTEMPATH\CodeIgniter.php(921): App\Controllers\Bengkel->__construct()
 2 SYSTEMPATH\CodeIgniter.php(488): CodeIgniter\CodeIgniter->createController()
 3 SYSTEMPATH\CodeIgniter.php(340): CodeIgniter\CodeIgniter->handleRequest(null, Object(Config\Cache), false)
 4 SYSTEMPATH\Boot.php(417): CodeIgniter\CodeIgniter->run()
 5 SYSTEMPATH\Boot.php(68): CodeIgniter\Boot::runCodeIgniter(Object(CodeIgniter\CodeIgniter))
 6 FCPATH\index.php(59): CodeIgniter\Boot::bootWeb(Object(Config\Paths))
WARNING - 2026-06-16 04:49:56 --> [DEPRECATED] Creation of dynamic property App\Controllers\Bengkel::$ModelKategori is deprecated in APPPATH\Controllers\Bengkel.php on line 18.
 1 SYSTEMPATH\CodeIgniter.php(921): App\Controllers\Bengkel->__construct()
 2 SYSTEMPATH\CodeIgniter.php(488): CodeIgniter\CodeIgniter->createController()
 3 SYSTEMPATH\CodeIgniter.php(340): CodeIgniter\CodeIgniter->handleRequest(null, Object(Config\Cache), false)
 4 SYSTEMPATH\Boot.php(417): CodeIgniter\CodeIgniter->run()
 5 SYSTEMPATH\Boot.php(68): CodeIgniter\Boot::runCodeIgniter(Object(CodeIgniter\CodeIgniter))
 6 FCPATH\index.php(59): CodeIgniter\Boot::bootWeb(Object(Config\Paths))
DEBUG - 2026-06-16 04:49:56 --> Session: Class initialized using 'CodeIgniter\Session\Handlers\FileHandler' driver.
WARNING - 2026-06-16 04:50:11 --> [DEPRECATED] Creation of dynamic property App\Controllers\Bengkel::$ModelWilayah is deprecated in APPPATH\Controllers\Bengkel.php on line 15.
 1 SYSTEMPATH\CodeIgniter.php(921): App\Controllers\Bengkel->__construct()
 2 SYSTEMPATH\CodeIgniter.php(488): CodeIgniter\CodeIgniter->createController()
 3 SYSTEMPATH\CodeIgniter.php(340): CodeIgniter\CodeIgniter->handleRequest(null, Object(Config\Cache), false)
 4 SYSTEMPATH\Boot.php(417): CodeIgniter\CodeIgniter->run()
 5 SYSTEMPATH\Boot.php(68): CodeIgniter\Boot::runCodeIgniter(Object(CodeIgniter\CodeIgniter))
 6 FCPATH\index.php(59): CodeIgniter\Boot::bootWeb(Object(Config\Paths))
WARNING - 2026-06-16 04:50:11 --> [DEPRECATED] Creation of dynamic property App\Controllers\Bengkel::$ModelSetting is deprecated in APPPATH\Controllers\Bengkel.php on line 16.
 1 SYSTEMPATH\CodeIgniter.php(921): App\Controllers\Bengkel->__construct()
 2 SYSTEMPATH\CodeIgniter.php(488): CodeIgniter\CodeIgniter->createController()
 3 SYSTEMPATH\CodeIgniter.php(340): CodeIgniter\CodeIgniter->handleRequest(null, Object(Config\Cache), false)
 4 SYSTEMPATH\Boot.php(417): CodeIgniter\CodeIgniter->run()
 5 SYSTEMPATH\Boot.php(68): CodeIgniter\Boot::runCodeIgniter(Object(CodeIgniter\CodeIgniter))
 6 FCPATH\index.php(59): CodeIgniter\Boot::bootWeb(Object(Config\Paths))
WARNING - 2026-06-16 04:50:11 --> [DEPRECATED] Creation of dynamic property App\Controllers\Bengkel::$ModelBengkel is deprecated in APPPATH\Controllers\Bengkel.php on line 17.
 1 SYSTEMPATH\CodeIgniter.php(921): App\Controllers\Bengkel->__construct()
 2 SYSTEMPATH\CodeIgniter.php(488): CodeIgniter\CodeIgniter->createController()
 3 SYSTEMPATH\CodeIgniter.php(340): CodeIgniter\CodeIgniter->handleRequest(null, Object(Config\Cache), false)
 4 SYSTEMPATH\Boot.php(417): CodeIgniter\CodeIgniter->run()
 5 SYSTEMPATH\Boot.php(68): CodeIgniter\Boot::runCodeIgniter(Object(CodeIgniter\CodeIgniter))
 6 FCPATH\index.php(59): CodeIgniter\Boot::bootWeb(Object(Config\Paths))
WARNING - 2026-06-16 04:50:11 --> [DEPRECATED] Creation of dynamic property App\Controllers\Bengkel::$ModelKategori is deprecated in APPPATH\Controllers\Bengkel.php on line 18.
 1 SYSTEMPATH\CodeIgniter.php(921): App\Controllers\Bengkel->__construct()
 2 SYSTEMPATH\CodeIgniter.php(488): CodeIgniter\CodeIgniter->createController()
 3 SYSTEMPATH\CodeIgniter.php(340): CodeIgniter\CodeIgniter->handleRequest(null, Object(Config\Cache), false)
 4 SYSTEMPATH\Boot.php(417): CodeIgniter\CodeIgniter->run()
 5 SYSTEMPATH\Boot.php(68): CodeIgniter\Boot::runCodeIgniter(Object(CodeIgniter\CodeIgniter))
 6 FCPATH\index.php(59): CodeIgniter\Boot::bootWeb(Object(Config\Paths))
DEBUG - 2026-06-16 04:50:11 --> Session: Class initialized using 'CodeIgniter\Session\Handlers\FileHandler' driver.
WARNING - 2026-06-16 04:50:11 --> [DEPRECATED] Creation of dynamic property App\Controllers\Bengkel::$ModelWilayah is deprecated in APPPATH\Controllers\Bengkel.php on line 15.
 1 SYSTEMPATH\CodeIgniter.php(921): App\Controllers\Bengkel->__construct()
 2 SYSTEMPATH\CodeIgniter.php(488): CodeIgniter\CodeIgniter->createController()
 3 SYSTEMPATH\CodeIgniter.php(340): CodeIgniter\CodeIgniter->handleRequest(null, Object(Config\Cache), false)
 4 SYSTEMPATH\Boot.php(417): CodeIgniter\CodeIgniter->run()
 5 SYSTEMPATH\Boot.php(68): CodeIgniter\Boot::runCodeIgniter(Object(CodeIgniter\CodeIgniter))
 6 FCPATH\index.php(59): CodeIgniter\Boot::bootWeb(Object(Config\Paths))
WARNING - 2026-06-16 04:50:11 --> [DEPRECATED] Creation of dynamic property App\Controllers\Bengkel::$ModelSetting is deprecated in APPPATH\Controllers\Bengkel.php on line 16.
 1 SYSTEMPATH\CodeIgniter.php(921): App\Controllers\Bengkel->__construct()
 2 SYSTEMPATH\CodeIgniter.php(488): CodeIgniter\CodeIgniter->createController()
 3 SYSTEMPATH\CodeIgniter.php(340): CodeIgniter\CodeIgniter->handleRequest(null, Object(Config\Cache), false)
 4 SYSTEMPATH\Boot.php(417): CodeIgniter\CodeIgniter->run()
 5 SYSTEMPATH\Boot.php(68): CodeIgniter\Boot::runCodeIgniter(Object(CodeIgniter\CodeIgniter))
 6 FCPATH\index.php(59): CodeIgniter\Boot::bootWeb(Object(Config\Paths))
WARNING - 2026-06-16 04:50:11 --> [DEPRECATED] Creation of dynamic property App\Controllers\Bengkel::$ModelBengkel is deprecated in APPPATH\Controllers\Bengkel.php on line 17.
 1 SYSTEMPATH\CodeIgniter.php(921): App\Controllers\Bengkel->__construct()
 2 SYSTEMPATH\CodeIgniter.php(488): CodeIgniter\CodeIgniter->createController()
 3 SYSTEMPATH\CodeIgniter.php(340): CodeIgniter\CodeIgniter->handleRequest(null, Object(Config\Cache), false)
 4 SYSTEMPATH\Boot.php(417): CodeIgniter\CodeIgniter->run()
 5 SYSTEMPATH\Boot.php(68): CodeIgniter\Boot::runCodeIgniter(Object(CodeIgniter\CodeIgniter))
 6 FCPATH\index.php(59): CodeIgniter\Boot::bootWeb(Object(Config\Paths))
WARNING - 2026-06-16 04:50:11 --> [DEPRECATED] Creation of dynamic property App\Controllers\Bengkel::$ModelKategori is deprecated in APPPATH\Controllers\Bengkel.php on line 18.
 1 SYSTEMPATH\CodeIgniter.php(921): App\Controllers\Bengkel->__construct()
 2 SYSTEMPATH\CodeIgniter.php(488): CodeIgniter\CodeIgniter->createController()
 3 SYSTEMPATH\CodeIgniter.php(340): CodeIgniter\CodeIgniter->handleRequest(null, Object(Config\Cache), false)
 4 SYSTEMPATH\Boot.php(417): CodeIgniter\CodeIgniter->run()
 5 SYSTEMPATH\Boot.php(68): CodeIgniter\Boot::runCodeIgniter(Object(CodeIgniter\CodeIgniter))
 6 FCPATH\index.php(59): CodeIgniter\Boot::bootWeb(Object(Config\Paths))
DEBUG - 2026-06-16 04:50:11 --> Session: Class initialized using 'CodeIgniter\Session\Handlers\FileHandler' driver.
WARNING - 2026-06-16 04:50:16 --> [DEPRECATED] Creation of dynamic property App\Controllers\Bengkel::$ModelWilayah is deprecated in APPPATH\Controllers\Bengkel.php on line 15.
 1 SYSTEMPATH\CodeIgniter.php(921): App\Controllers\Bengkel->__construct()
 2 SYSTEMPATH\CodeIgniter.php(488): CodeIgniter\CodeIgniter->createController()
 3 SYSTEMPATH\CodeIgniter.php(340): CodeIgniter\CodeIgniter->handleRequest(null, Object(Config\Cache), false)
 4 SYSTEMPATH\Boot.php(417): CodeIgniter\CodeIgniter->run()
 5 SYSTEMPATH\Boot.php(68): CodeIgniter\Boot::runCodeIgniter(Object(CodeIgniter\CodeIgniter))
 6 FCPATH\index.php(59): CodeIgniter\Boot::bootWeb(Object(Config\Paths))
WARNING - 2026-06-16 04:50:16 --> [DEPRECATED] Creation of dynamic property App\Controllers\Bengkel::$ModelSetting is deprecated in APPPATH\Controllers\Bengkel.php on line 16.
 1 SYSTEMPATH\CodeIgniter.php(921): App\Controllers\Bengkel->__construct()
 2 SYSTEMPATH\CodeIgniter.php(488): CodeIgniter\CodeIgniter->createController()
 3 SYSTEMPATH\CodeIgniter.php(340): CodeIgniter\CodeIgniter->handleRequest(null, Object(Config\Cache), false)
 4 SYSTEMPATH\Boot.php(417): CodeIgniter\CodeIgniter->run()
 5 SYSTEMPATH\Boot.php(68): CodeIgniter\Boot::runCodeIgniter(Object(CodeIgniter\CodeIgniter))
 6 FCPATH\index.php(59): CodeIgniter\Boot::bootWeb(Object(Config\Paths))
WARNING - 2026-06-16 04:50:16 --> [DEPRECATED] Creation of dynamic property App\Controllers\Bengkel::$ModelBengkel is deprecated in APPPATH\Controllers\Bengkel.php on line 17.
 1 SYSTEMPATH\CodeIgniter.php(921): App\Controllers\Bengkel->__construct()
 2 SYSTEMPATH\CodeIgniter.php(488): CodeIgniter\CodeIgniter->createController()
 3 SYSTEMPATH\CodeIgniter.php(340): CodeIgniter\CodeIgniter->handleRequest(null, Object(Config\Cache), false)
 4 SYSTEMPATH\Boot.php(417): CodeIgniter\CodeIgniter->run()
 5 SYSTEMPATH\Boot.php(68): CodeIgniter\Boot::runCodeIgniter(Object(CodeIgniter\CodeIgniter))
 6 FCPATH\index.php(59): CodeIgniter\Boot::bootWeb(Object(Config\Paths))
WARNING - 2026-06-16 04:50:16 --> [DEPRECATED] Creation of dynamic property App\Controllers\Bengkel::$ModelKategori is deprecated in APPPATH\Controllers\Bengkel.php on line 18.
 1 SYSTEMPATH\CodeIgniter.php(921): App\Controllers\Bengkel->__construct()
 2 SYSTEMPATH\CodeIgniter.php(488): CodeIgniter\CodeIgniter->createController()
 3 SYSTEMPATH\CodeIgniter.php(340): CodeIgniter\CodeIgniter->handleRequest(null, Object(Config\Cache), false)
 4 SYSTEMPATH\Boot.php(417): CodeIgniter\CodeIgniter->run()
 5 SYSTEMPATH\Boot.php(68): CodeIgniter\Boot::runCodeIgniter(Object(CodeIgniter\CodeIgniter))
 6 FCPATH\index.php(59): CodeIgniter\Boot::bootWeb(Object(Config\Paths))
DEBUG - 2026-06-16 04:50:16 --> Session: Class initialized using 'CodeIgniter\Session\Handlers\FileHandler' driver.
WARNING - 2026-06-16 04:50:37 --> [DEPRECATED] Creation of dynamic property App\Controllers\Bengkel::$ModelWilayah is deprecated in APPPATH\Controllers\Bengkel.php on line 15.
 1 SYSTEMPATH\CodeIgniter.php(921): App\Controllers\Bengkel->__construct()
 2 SYSTEMPATH\CodeIgniter.php(488): CodeIgniter\CodeIgniter->createController()
 3 SYSTEMPATH\CodeIgniter.php(340): CodeIgniter\CodeIgniter->handleRequest(null, Object(Config\Cache), false)
 4 SYSTEMPATH\Boot.php(417): CodeIgniter\CodeIgniter->run()
 5 SYSTEMPATH\Boot.php(68): CodeIgniter\Boot::runCodeIgniter(Object(CodeIgniter\CodeIgniter))
 6 FCPATH\index.php(59): CodeIgniter\Boot::bootWeb(Object(Config\Paths))
WARNING - 2026-06-16 04:50:37 --> [DEPRECATED] Creation of dynamic property App\Controllers\Bengkel::$ModelSetting is deprecated in APPPATH\Controllers\Bengkel.php on line 16.
 1 SYSTEMPATH\CodeIgniter.php(921): App\Controllers\Bengkel->__construct()
 2 SYSTEMPATH\CodeIgniter.php(488): CodeIgniter\CodeIgniter->createController()
 3 SYSTEMPATH\CodeIgniter.php(340): CodeIgniter\CodeIgniter->handleRequest(null, Object(Config\Cache), false)
 4 SYSTEMPATH\Boot.php(417): CodeIgniter\CodeIgniter->run()
 5 SYSTEMPATH\Boot.php(68): CodeIgniter\Boot::runCodeIgniter(Object(CodeIgniter\CodeIgniter))
 6 FCPATH\index.php(59): CodeIgniter\Boot::bootWeb(Object(Config\Paths))
WARNING - 2026-06-16 04:50:37 --> [DEPRECATED] Creation of dynamic property App\Controllers\Bengkel::$ModelBengkel is deprecated in APPPATH\Controllers\Bengkel.php on line 17.
 1 SYSTEMPATH\CodeIgniter.php(921): App\Controllers\Bengkel->__construct()
 2 SYSTEMPATH\CodeIgniter.php(488): CodeIgniter\CodeIgniter->createController()
 3 SYSTEMPATH\CodeIgniter.php(340): CodeIgniter\CodeIgniter->handleRequest(null, Object(Config\Cache), false)
 4 SYSTEMPATH\Boot.php(417): CodeIgniter\CodeIgniter->run()
 5 SYSTEMPATH\Boot.php(68): CodeIgniter\Boot::runCodeIgniter(Object(CodeIgniter\CodeIgniter))
 6 FCPATH\index.php(59): CodeIgniter\Boot::bootWeb(Object(Config\Paths))
WARNING - 2026-06-16 04:50:37 --> [DEPRECATED] Creation of dynamic property App\Controllers\Bengkel::$ModelKategori is deprecated in APPPATH\Controllers\Bengkel.php on line 18.
 1 SYSTEMPATH\CodeIgniter.php(921): App\Controllers\Bengkel->__construct()
 2 SYSTEMPATH\CodeIgniter.php(488): CodeIgniter\CodeIgniter->createController()
 3 SYSTEMPATH\CodeIgniter.php(340): CodeIgniter\CodeIgniter->handleRequest(null, Object(Config\Cache), false)
 4 SYSTEMPATH\Boot.php(417): CodeIgniter\CodeIgniter->run()
 5 SYSTEMPATH\Boot.php(68): CodeIgniter\Boot::runCodeIgniter(Object(CodeIgniter\CodeIgniter))
 6 FCPATH\index.php(59): CodeIgniter\Boot::bootWeb(Object(Config\Paths))
DEBUG - 2026-06-16 04:50:37 --> Session: Class initialized using 'CodeIgniter\Session\Handlers\FileHandler' driver.
WARNING - 2026-06-16 04:50:44 --> [DEPRECATED] Creation of dynamic property App\Controllers\Bengkel::$ModelWilayah is deprecated in APPPATH\Controllers\Bengkel.php on line 15.
 1 SYSTEMPATH\CodeIgniter.php(921): App\Controllers\Bengkel->__construct()
 2 SYSTEMPATH\CodeIgniter.php(488): CodeIgniter\CodeIgniter->createController()
 3 SYSTEMPATH\CodeIgniter.php(340): CodeIgniter\CodeIgniter->handleRequest(null, Object(Config\Cache), false)
 4 SYSTEMPATH\Boot.php(417): CodeIgniter\CodeIgniter->run()
 5 SYSTEMPATH\Boot.php(68): CodeIgniter\Boot::runCodeIgniter(Object(CodeIgniter\CodeIgniter))
 6 FCPATH\index.php(59): CodeIgniter\Boot::bootWeb(Object(Config\Paths))
WARNING - 2026-06-16 04:50:44 --> [DEPRECATED] Creation of dynamic property App\Controllers\Bengkel::$ModelSetting is deprecated in APPPATH\Controllers\Bengkel.php on line 16.
 1 SYSTEMPATH\CodeIgniter.php(921): App\Controllers\Bengkel->__construct()
 2 SYSTEMPATH\CodeIgniter.php(488): CodeIgniter\CodeIgniter->createController()
 3 SYSTEMPATH\CodeIgniter.php(340): CodeIgniter\CodeIgniter->handleRequest(null, Object(Config\Cache), false)
 4 SYSTEMPATH\Boot.php(417): CodeIgniter\CodeIgniter->run()
 5 SYSTEMPATH\Boot.php(68): CodeIgniter\Boot::runCodeIgniter(Object(CodeIgniter\CodeIgniter))
 6 FCPATH\index.php(59): CodeIgniter\Boot::bootWeb(Object(Config\Paths))
WARNING - 2026-06-16 04:50:44 --> [DEPRECATED] Creation of dynamic property App\Controllers\Bengkel::$ModelBengkel is deprecated in APPPATH\Controllers\Bengkel.php on line 17.
 1 SYSTEMPATH\CodeIgniter.php(921): App\Controllers\Bengkel->__construct()
 2 SYSTEMPATH\CodeIgniter.php(488): CodeIgniter\CodeIgniter->createController()
 3 SYSTEMPATH\CodeIgniter.php(340): CodeIgniter\CodeIgniter->handleRequest(null, Object(Config\Cache), false)
 4 SYSTEMPATH\Boot.php(417): CodeIgniter\CodeIgniter->run()
 5 SYSTEMPATH\Boot.php(68): CodeIgniter\Boot::runCodeIgniter(Object(CodeIgniter\CodeIgniter))
 6 FCPATH\index.php(59): CodeIgniter\Boot::bootWeb(Object(Config\Paths))
WARNING - 2026-06-16 04:50:44 --> [DEPRECATED] Creation of dynamic property App\Controllers\Bengkel::$ModelKategori is deprecated in APPPATH\Controllers\Bengkel.php on line 18.
 1 SYSTEMPATH\CodeIgniter.php(921): App\Controllers\Bengkel->__construct()
 2 SYSTEMPATH\CodeIgniter.php(488): CodeIgniter\CodeIgniter->createController()
 3 SYSTEMPATH\CodeIgniter.php(340): CodeIgniter\CodeIgniter->handleRequest(null, Object(Config\Cache), false)
 4 SYSTEMPATH\Boot.php(417): CodeIgniter\CodeIgniter->run()
 5 SYSTEMPATH\Boot.php(68): CodeIgniter\Boot::runCodeIgniter(Object(CodeIgniter\CodeIgniter))
 6 FCPATH\index.php(59): CodeIgniter\Boot::bootWeb(Object(Config\Paths))
DEBUG - 2026-06-16 04:50:44 --> Session: Class initialized using 'CodeIgniter\Session\Handlers\FileHandler' driver.
WARNING - 2026-06-16 04:51:11 --> [DEPRECATED] Creation of dynamic property App\Controllers\Bengkel::$ModelWilayah is deprecated in APPPATH\Controllers\Bengkel.php on line 15.
 1 SYSTEMPATH\CodeIgniter.php(921): App\Controllers\Bengkel->__construct()
 2 SYSTEMPATH\CodeIgniter.php(488): CodeIgniter\CodeIgniter->createController()
 3 SYSTEMPATH\CodeIgniter.php(340): CodeIgniter\CodeIgniter->handleRequest(null, Object(Config\Cache), false)
 4 SYSTEMPATH\Boot.php(417): CodeIgniter\CodeIgniter->run()
 5 SYSTEMPATH\Boot.php(68): CodeIgniter\Boot::runCodeIgniter(Object(CodeIgniter\CodeIgniter))
 6 FCPATH\index.php(59): CodeIgniter\Boot::bootWeb(Object(Config\Paths))
WARNING - 2026-06-16 04:51:11 --> [DEPRECATED] Creation of dynamic property App\Controllers\Bengkel::$ModelSetting is deprecated in APPPATH\Controllers\Bengkel.php on line 16.
 1 SYSTEMPATH\CodeIgniter.php(921): App\Controllers\Bengkel->__construct()
 2 SYSTEMPATH\CodeIgniter.php(488): CodeIgniter\CodeIgniter->createController()
 3 SYSTEMPATH\CodeIgniter.php(340): CodeIgniter\CodeIgniter->handleRequest(null, Object(Config\Cache), false)
 4 SYSTEMPATH\Boot.php(417): CodeIgniter\CodeIgniter->run()
 5 SYSTEMPATH\Boot.php(68): CodeIgniter\Boot::runCodeIgniter(Object(CodeIgniter\CodeIgniter))
 6 FCPATH\index.php(59): CodeIgniter\Boot::bootWeb(Object(Config\Paths))
WARNING - 2026-06-16 04:51:11 --> [DEPRECATED] Creation of dynamic property App\Controllers\Bengkel::$ModelBengkel is deprecated in APPPATH\Controllers\Bengkel.php on line 17.
 1 SYSTEMPATH\CodeIgniter.php(921): App\Controllers\Bengkel->__construct()
 2 SYSTEMPATH\CodeIgniter.php(488): CodeIgniter\CodeIgniter->createController()
 3 SYSTEMPATH\CodeIgniter.php(340): CodeIgniter\CodeIgniter->handleRequest(null, Object(Config\Cache), false)
 4 SYSTEMPATH\Boot.php(417): CodeIgniter\CodeIgniter->run()
 5 SYSTEMPATH\Boot.php(68): CodeIgniter\Boot::runCodeIgniter(Object(CodeIgniter\CodeIgniter))
 6 FCPATH\index.php(59): CodeIgniter\Boot::bootWeb(Object(Config\Paths))
WARNING - 2026-06-16 04:51:11 --> [DEPRECATED] Creation of dynamic property App\Controllers\Bengkel::$ModelKategori is deprecated in APPPATH\Controllers\Bengkel.php on line 18.
 1 SYSTEMPATH\CodeIgniter.php(921): App\Controllers\Bengkel->__construct()
 2 SYSTEMPATH\CodeIgniter.php(488): CodeIgniter\CodeIgniter->createController()
 3 SYSTEMPATH\CodeIgniter.php(340): CodeIgniter\CodeIgniter->handleRequest(null, Object(Config\Cache), false)
 4 SYSTEMPATH\Boot.php(417): CodeIgniter\CodeIgniter->run()
 5 SYSTEMPATH\Boot.php(68): CodeIgniter\Boot::runCodeIgniter(Object(CodeIgniter\CodeIgniter))
 6 FCPATH\index.php(59): CodeIgniter\Boot::bootWeb(Object(Config\Paths))
DEBUG - 2026-06-16 04:51:11 --> Session: Class initialized using 'CodeIgniter\Session\Handlers\FileHandler' driver.
WARNING - 2026-06-16 04:51:11 --> [DEPRECATED] Creation of dynamic property App\Controllers\Bengkel::$ModelWilayah is deprecated in APPPATH\Controllers\Bengkel.php on line 15.
 1 SYSTEMPATH\CodeIgniter.php(921): App\Controllers\Bengkel->__construct()
 2 SYSTEMPATH\CodeIgniter.php(488): CodeIgniter\CodeIgniter->createController()
 3 SYSTEMPATH\CodeIgniter.php(340): CodeIgniter\CodeIgniter->handleRequest(null, Object(Config\Cache), false)
 4 SYSTEMPATH\Boot.php(417): CodeIgniter\CodeIgniter->run()
 5 SYSTEMPATH\Boot.php(68): CodeIgniter\Boot::runCodeIgniter(Object(CodeIgniter\CodeIgniter))
 6 FCPATH\index.php(59): CodeIgniter\Boot::bootWeb(Object(Config\Paths))
WARNING - 2026-06-16 04:51:11 --> [DEPRECATED] Creation of dynamic property App\Controllers\Bengkel::$ModelSetting is deprecated in APPPATH\Controllers\Bengkel.php on line 16.
 1 SYSTEMPATH\CodeIgniter.php(921): App\Controllers\Bengkel->__construct()
 2 SYSTEMPATH\CodeIgniter.php(488): CodeIgniter\CodeIgniter->createController()
 3 SYSTEMPATH\CodeIgniter.php(340): CodeIgniter\CodeIgniter->handleRequest(null, Object(Config\Cache), false)
 4 SYSTEMPATH\Boot.php(417): CodeIgniter\CodeIgniter->run()
 5 SYSTEMPATH\Boot.php(68): CodeIgniter\Boot::runCodeIgniter(Object(CodeIgniter\CodeIgniter))
 6 FCPATH\index.php(59): CodeIgniter\Boot::bootWeb(Object(Config\Paths))
WARNING - 2026-06-16 04:51:11 --> [DEPRECATED] Creation of dynamic property App\Controllers\Bengkel::$ModelBengkel is deprecated in APPPATH\Controllers\Bengkel.php on line 17.
 1 SYSTEMPATH\CodeIgniter.php(921): App\Controllers\Bengkel->__construct()
 2 SYSTEMPATH\CodeIgniter.php(488): CodeIgniter\CodeIgniter->createController()
 3 SYSTEMPATH\CodeIgniter.php(340): CodeIgniter\CodeIgniter->handleRequest(null, Object(Config\Cache), false)
 4 SYSTEMPATH\Boot.php(417): CodeIgniter\CodeIgniter->run()
 5 SYSTEMPATH\Boot.php(68): CodeIgniter\Boot::runCodeIgniter(Object(CodeIgniter\CodeIgniter))
 6 FCPATH\index.php(59): CodeIgniter\Boot::bootWeb(Object(Config\Paths))
WARNING - 2026-06-16 04:51:11 --> [DEPRECATED] Creation of dynamic property App\Controllers\Bengkel::$ModelKategori is deprecated in APPPATH\Controllers\Bengkel.php on line 18.
 1 SYSTEMPATH\CodeIgniter.php(921): App\Controllers\Bengkel->__construct()
 2 SYSTEMPATH\CodeIgniter.php(488): CodeIgniter\CodeIgniter->createController()
 3 SYSTEMPATH\CodeIgniter.php(340): CodeIgniter\CodeIgniter->handleRequest(null, Object(Config\Cache), false)
 4 SYSTEMPATH\Boot.php(417): CodeIgniter\CodeIgniter->run()
 5 SYSTEMPATH\Boot.php(68): CodeIgniter\Boot::runCodeIgniter(Object(CodeIgniter\CodeIgniter))
 6 FCPATH\index.php(59): CodeIgniter\Boot::bootWeb(Object(Config\Paths))
DEBUG - 2026-06-16 04:51:11 --> Session: Class initialized using 'CodeIgniter\Session\Handlers\FileHandler' driver.
WARNING - 2026-06-16 04:51:13 --> [DEPRECATED] Creation of dynamic property App\Controllers\Bengkel::$ModelWilayah is deprecated in APPPATH\Controllers\Bengkel.php on line 15.
 1 SYSTEMPATH\CodeIgniter.php(921): App\Controllers\Bengkel->__construct()
 2 SYSTEMPATH\CodeIgniter.php(488): CodeIgniter\CodeIgniter->createController()
 3 SYSTEMPATH\CodeIgniter.php(340): CodeIgniter\CodeIgniter->handleRequest(null, Object(Config\Cache), false)
 4 SYSTEMPATH\Boot.php(417): CodeIgniter\CodeIgniter->run()
 5 SYSTEMPATH\Boot.php(68): CodeIgniter\Boot::runCodeIgniter(Object(CodeIgniter\CodeIgniter))
 6 FCPATH\index.php(59): CodeIgniter\Boot::bootWeb(Object(Config\Paths))
WARNING - 2026-06-16 04:51:13 --> [DEPRECATED] Creation of dynamic property App\Controllers\Bengkel::$ModelSetting is deprecated in APPPATH\Controllers\Bengkel.php on line 16.
 1 SYSTEMPATH\CodeIgniter.php(921): App\Controllers\Bengkel->__construct()
 2 SYSTEMPATH\CodeIgniter.php(488): CodeIgniter\CodeIgniter->createController()
 3 SYSTEMPATH\CodeIgniter.php(340): CodeIgniter\CodeIgniter->handleRequest(null, Object(Config\Cache), false)
 4 SYSTEMPATH\Boot.php(417): CodeIgniter\CodeIgniter->run()
 5 SYSTEMPATH\Boot.php(68): CodeIgniter\Boot::runCodeIgniter(Object(CodeIgniter\CodeIgniter))
 6 FCPATH\index.php(59): CodeIgniter\Boot::bootWeb(Object(Config\Paths))
WARNING - 2026-06-16 04:51:13 --> [DEPRECATED] Creation of dynamic property App\Controllers\Bengkel::$ModelBengkel is deprecated in APPPATH\Controllers\Bengkel.php on line 17.
 1 SYSTEMPATH\CodeIgniter.php(921): App\Controllers\Bengkel->__construct()
 2 SYSTEMPATH\CodeIgniter.php(488): CodeIgniter\CodeIgniter->createController()
 3 SYSTEMPATH\CodeIgniter.php(340): CodeIgniter\CodeIgniter->handleRequest(null, Object(Config\Cache), false)
 4 SYSTEMPATH\Boot.php(417): CodeIgniter\CodeIgniter->run()
 5 SYSTEMPATH\Boot.php(68): CodeIgniter\Boot::runCodeIgniter(Object(CodeIgniter\CodeIgniter))
 6 FCPATH\index.php(59): CodeIgniter\Boot::bootWeb(Object(Config\Paths))
WARNING - 2026-06-16 04:51:13 --> [DEPRECATED] Creation of dynamic property App\Controllers\Bengkel::$ModelKategori is deprecated in APPPATH\Controllers\Bengkel.php on line 18.
 1 SYSTEMPATH\CodeIgniter.php(921): App\Controllers\Bengkel->__construct()
 2 SYSTEMPATH\CodeIgniter.php(488): CodeIgniter\CodeIgniter->createController()
 3 SYSTEMPATH\CodeIgniter.php(340): CodeIgniter\CodeIgniter->handleRequest(null, Object(Config\Cache), false)
 4 SYSTEMPATH\Boot.php(417): CodeIgniter\CodeIgniter->run()
 5 SYSTEMPATH\Boot.php(68): CodeIgniter\Boot::runCodeIgniter(Object(CodeIgniter\CodeIgniter))
 6 FCPATH\index.php(59): CodeIgniter\Boot::bootWeb(Object(Config\Paths))
DEBUG - 2026-06-16 04:51:13 --> Session: Class initialized using 'CodeIgniter\Session\Handlers\FileHandler' driver.
WARNING - 2026-06-16 04:51:22 --> [DEPRECATED] Creation of dynamic property App\Controllers\Bengkel::$ModelWilayah is deprecated in APPPATH\Controllers\Bengkel.php on line 15.
 1 SYSTEMPATH\CodeIgniter.php(921): App\Controllers\Bengkel->__construct()
 2 SYSTEMPATH\CodeIgniter.php(488): CodeIgniter\CodeIgniter->createController()
 3 SYSTEMPATH\CodeIgniter.php(340): CodeIgniter\CodeIgniter->handleRequest(null, Object(Config\Cache), false)
 4 SYSTEMPATH\Boot.php(417): CodeIgniter\CodeIgniter->run()
 5 SYSTEMPATH\Boot.php(68): CodeIgniter\Boot::runCodeIgniter(Object(CodeIgniter\CodeIgniter))
 6 FCPATH\index.php(59): CodeIgniter\Boot::bootWeb(Object(Config\Paths))
WARNING - 2026-06-16 04:51:22 --> [DEPRECATED] Creation of dynamic property App\Controllers\Bengkel::$ModelSetting is deprecated in APPPATH\Controllers\Bengkel.php on line 16.
 1 SYSTEMPATH\CodeIgniter.php(921): App\Controllers\Bengkel->__construct()
 2 SYSTEMPATH\CodeIgniter.php(488): CodeIgniter\CodeIgniter->createController()
 3 SYSTEMPATH\CodeIgniter.php(340): CodeIgniter\CodeIgniter->handleRequest(null, Object(Config\Cache), false)
 4 SYSTEMPATH\Boot.php(417): CodeIgniter\CodeIgniter->run()
 5 SYSTEMPATH\Boot.php(68): CodeIgniter\Boot::runCodeIgniter(Object(CodeIgniter\CodeIgniter))
 6 FCPATH\index.php(59): CodeIgniter\Boot::bootWeb(Object(Config\Paths))
WARNING - 2026-06-16 04:51:22 --> [DEPRECATED] Creation of dynamic property App\Controllers\Bengkel::$ModelBengkel is deprecated in APPPATH\Controllers\Bengkel.php on line 17.
 1 SYSTEMPATH\CodeIgniter.php(921): App\Controllers\Bengkel->__construct()
 2 SYSTEMPATH\CodeIgniter.php(488): CodeIgniter\CodeIgniter->createController()
 3 SYSTEMPATH\CodeIgniter.php(340): CodeIgniter\CodeIgniter->handleRequest(null, Object(Config\Cache), false)
 4 SYSTEMPATH\Boot.php(417): CodeIgniter\CodeIgniter->run()
 5 SYSTEMPATH\Boot.php(68): CodeIgniter\Boot::runCodeIgniter(Object(CodeIgniter\CodeIgniter))
 6 FCPATH\index.php(59): CodeIgniter\Boot::bootWeb(Object(Config\Paths))
WARNING - 2026-06-16 04:51:22 --> [DEPRECATED] Creation of dynamic property App\Controllers\Bengkel::$ModelKategori is deprecated in APPPATH\Controllers\Bengkel.php on line 18.
 1 SYSTEMPATH\CodeIgniter.php(921): App\Controllers\Bengkel->__construct()
 2 SYSTEMPATH\CodeIgniter.php(488): CodeIgniter\CodeIgniter->createController()
 3 SYSTEMPATH\CodeIgniter.php(340): CodeIgniter\CodeIgniter->handleRequest(null, Object(Config\Cache), false)
 4 SYSTEMPATH\Boot.php(417): CodeIgniter\CodeIgniter->run()
 5 SYSTEMPATH\Boot.php(68): CodeIgniter\Boot::runCodeIgniter(Object(CodeIgniter\CodeIgniter))
 6 FCPATH\index.php(59): CodeIgniter\Boot::bootWeb(Object(Config\Paths))
DEBUG - 2026-06-16 04:51:22 --> Session: Class initialized using 'CodeIgniter\Session\Handlers\FileHandler' driver.
WARNING - 2026-06-16 04:51:29 --> [DEPRECATED] Creation of dynamic property App\Controllers\Bengkel::$ModelWilayah is deprecated in APPPATH\Controllers\Bengkel.php on line 15.
 1 SYSTEMPATH\CodeIgniter.php(921): App\Controllers\Bengkel->__construct()
 2 SYSTEMPATH\CodeIgniter.php(488): CodeIgniter\CodeIgniter->createController()
 3 SYSTEMPATH\CodeIgniter.php(340): CodeIgniter\CodeIgniter->handleRequest(null, Object(Config\Cache), false)
 4 SYSTEMPATH\Boot.php(417): CodeIgniter\CodeIgniter->run()
 5 SYSTEMPATH\Boot.php(68): CodeIgniter\Boot::runCodeIgniter(Object(CodeIgniter\CodeIgniter))
 6 FCPATH\index.php(59): CodeIgniter\Boot::bootWeb(Object(Config\Paths))
WARNING - 2026-06-16 04:51:29 --> [DEPRECATED] Creation of dynamic property App\Controllers\Bengkel::$ModelSetting is deprecated in APPPATH\Controllers\Bengkel.php on line 16.
 1 SYSTEMPATH\CodeIgniter.php(921): App\Controllers\Bengkel->__construct()
 2 SYSTEMPATH\CodeIgniter.php(488): CodeIgniter\CodeIgniter->createController()
 3 SYSTEMPATH\CodeIgniter.php(340): CodeIgniter\CodeIgniter->handleRequest(null, Object(Config\Cache), false)
 4 SYSTEMPATH\Boot.php(417): CodeIgniter\CodeIgniter->run()
 5 SYSTEMPATH\Boot.php(68): CodeIgniter\Boot::runCodeIgniter(Object(CodeIgniter\CodeIgniter))
 6 FCPATH\index.php(59): CodeIgniter\Boot::bootWeb(Object(Config\Paths))
WARNING - 2026-06-16 04:51:29 --> [DEPRECATED] Creation of dynamic property App\Controllers\Bengkel::$ModelBengkel is deprecated in APPPATH\Controllers\Bengkel.php on line 17.
 1 SYSTEMPATH\CodeIgniter.php(921): App\Controllers\Bengkel->__construct()
 2 SYSTEMPATH\CodeIgniter.php(488): CodeIgniter\CodeIgniter->createController()
 3 SYSTEMPATH\CodeIgniter.php(340): CodeIgniter\CodeIgniter->handleRequest(null, Object(Config\Cache), false)
 4 SYSTEMPATH\Boot.php(417): CodeIgniter\CodeIgniter->run()
 5 SYSTEMPATH\Boot.php(68): CodeIgniter\Boot::runCodeIgniter(Object(CodeIgniter\CodeIgniter))
 6 FCPATH\index.php(59): CodeIgniter\Boot::bootWeb(Object(Config\Paths))
WARNING - 2026-06-16 04:51:29 --> [DEPRECATED] Creation of dynamic property App\Controllers\Bengkel::$ModelKategori is deprecated in APPPATH\Controllers\Bengkel.php on line 18.
 1 SYSTEMPATH\CodeIgniter.php(921): App\Controllers\Bengkel->__construct()
 2 SYSTEMPATH\CodeIgniter.php(488): CodeIgniter\CodeIgniter->createController()
 3 SYSTEMPATH\CodeIgniter.php(340): CodeIgniter\CodeIgniter->handleRequest(null, Object(Config\Cache), false)
 4 SYSTEMPATH\Boot.php(417): CodeIgniter\CodeIgniter->run()
 5 SYSTEMPATH\Boot.php(68): CodeIgniter\Boot::runCodeIgniter(Object(CodeIgniter\CodeIgniter))
 6 FCPATH\index.php(59): CodeIgniter\Boot::bootWeb(Object(Config\Paths))
DEBUG - 2026-06-16 04:51:29 --> Session: Class initialized using 'CodeIgniter\Session\Handlers\FileHandler' driver.
WARNING - 2026-06-16 04:51:42 --> [DEPRECATED] Creation of dynamic property App\Controllers\Bengkel::$ModelWilayah is deprecated in APPPATH\Controllers\Bengkel.php on line 15.
 1 SYSTEMPATH\CodeIgniter.php(921): App\Controllers\Bengkel->__construct()
 2 SYSTEMPATH\CodeIgniter.php(488): CodeIgniter\CodeIgniter->createController()
 3 SYSTEMPATH\CodeIgniter.php(340): CodeIgniter\CodeIgniter->handleRequest(null, Object(Config\Cache), false)
 4 SYSTEMPATH\Boot.php(417): CodeIgniter\CodeIgniter->run()
 5 SYSTEMPATH\Boot.php(68): CodeIgniter\Boot::runCodeIgniter(Object(CodeIgniter\CodeIgniter))
 6 FCPATH\index.php(59): CodeIgniter\Boot::bootWeb(Object(Config\Paths))
WARNING - 2026-06-16 04:51:42 --> [DEPRECATED] Creation of dynamic property App\Controllers\Bengkel::$ModelSetting is deprecated in APPPATH\Controllers\Bengkel.php on line 16.
 1 SYSTEMPATH\CodeIgniter.php(921): App\Controllers\Bengkel->__construct()
 2 SYSTEMPATH\CodeIgniter.php(488): CodeIgniter\CodeIgniter->createController()
 3 SYSTEMPATH\CodeIgniter.php(340): CodeIgniter\CodeIgniter->handleRequest(null, Object(Config\Cache), false)
 4 SYSTEMPATH\Boot.php(417): CodeIgniter\CodeIgniter->run()
 5 SYSTEMPATH\Boot.php(68): CodeIgniter\Boot::runCodeIgniter(Object(CodeIgniter\CodeIgniter))
 6 FCPATH\index.php(59): CodeIgniter\Boot::bootWeb(Object(Config\Paths))
WARNING - 2026-06-16 04:51:42 --> [DEPRECATED] Creation of dynamic property App\Controllers\Bengkel::$ModelBengkel is deprecated in APPPATH\Controllers\Bengkel.php on line 17.
 1 SYSTEMPATH\CodeIgniter.php(921): App\Controllers\Bengkel->__construct()
 2 SYSTEMPATH\CodeIgniter.php(488): CodeIgniter\CodeIgniter->createController()
 3 SYSTEMPATH\CodeIgniter.php(340): CodeIgniter\CodeIgniter->handleRequest(null, Object(Config\Cache), false)
 4 SYSTEMPATH\Boot.php(417): CodeIgniter\CodeIgniter->run()
 5 SYSTEMPATH\Boot.php(68): CodeIgniter\Boot::runCodeIgniter(Object(CodeIgniter\CodeIgniter))
 6 FCPATH\index.php(59): CodeIgniter\Boot::bootWeb(Object(Config\Paths))
WARNING - 2026-06-16 04:51:42 --> [DEPRECATED] Creation of dynamic property App\Controllers\Bengkel::$ModelKategori is deprecated in APPPATH\Controllers\Bengkel.php on line 18.
 1 SYSTEMPATH\CodeIgniter.php(921): App\Controllers\Bengkel->__construct()
 2 SYSTEMPATH\CodeIgniter.php(488): CodeIgniter\CodeIgniter->createController()
 3 SYSTEMPATH\CodeIgniter.php(340): CodeIgniter\CodeIgniter->handleRequest(null, Object(Config\Cache), false)
 4 SYSTEMPATH\Boot.php(417): CodeIgniter\CodeIgniter->run()
 5 SYSTEMPATH\Boot.php(68): CodeIgniter\Boot::runCodeIgniter(Object(CodeIgniter\CodeIgniter))
 6 FCPATH\index.php(59): CodeIgniter\Boot::bootWeb(Object(Config\Paths))
DEBUG - 2026-06-16 04:51:42 --> Session: Class initialized using 'CodeIgniter\Session\Handlers\FileHandler' driver.
WARNING - 2026-06-16 04:52:11 --> [DEPRECATED] Creation of dynamic property App\Controllers\Bengkel::$ModelWilayah is deprecated in APPPATH\Controllers\Bengkel.php on line 15.
 1 SYSTEMPATH\CodeIgniter.php(921): App\Controllers\Bengkel->__construct()
 2 SYSTEMPATH\CodeIgniter.php(488): CodeIgniter\CodeIgniter->createController()
 3 SYSTEMPATH\CodeIgniter.php(340): CodeIgniter\CodeIgniter->handleRequest(null, Object(Config\Cache), false)
 4 SYSTEMPATH\Boot.php(417): CodeIgniter\CodeIgniter->run()
 5 SYSTEMPATH\Boot.php(68): CodeIgniter\Boot::runCodeIgniter(Object(CodeIgniter\CodeIgniter))
 6 FCPATH\index.php(59): CodeIgniter\Boot::bootWeb(Object(Config\Paths))
WARNING - 2026-06-16 04:52:11 --> [DEPRECATED] Creation of dynamic property App\Controllers\Bengkel::$ModelSetting is deprecated in APPPATH\Controllers\Bengkel.php on line 16.
 1 SYSTEMPATH\CodeIgniter.php(921): App\Controllers\Bengkel->__construct()
 2 SYSTEMPATH\CodeIgniter.php(488): CodeIgniter\CodeIgniter->createController()
 3 SYSTEMPATH\CodeIgniter.php(340): CodeIgniter\CodeIgniter->handleRequest(null, Object(Config\Cache), false)
 4 SYSTEMPATH\Boot.php(417): CodeIgniter\CodeIgniter->run()
 5 SYSTEMPATH\Boot.php(68): CodeIgniter\Boot::runCodeIgniter(Object(CodeIgniter\CodeIgniter))
 6 FCPATH\index.php(59): CodeIgniter\Boot::bootWeb(Object(Config\Paths))
WARNING - 2026-06-16 04:52:11 --> [DEPRECATED] Creation of dynamic property App\Controllers\Bengkel::$ModelBengkel is deprecated in APPPATH\Controllers\Bengkel.php on line 17.
 1 SYSTEMPATH\CodeIgniter.php(921): App\Controllers\Bengkel->__construct()
 2 SYSTEMPATH\CodeIgniter.php(488): CodeIgniter\CodeIgniter->createController()
 3 SYSTEMPATH\CodeIgniter.php(340): CodeIgniter\CodeIgniter->handleRequest(null, Object(Config\Cache), false)
 4 SYSTEMPATH\Boot.php(417): CodeIgniter\CodeIgniter->run()
 5 SYSTEMPATH\Boot.php(68): CodeIgniter\Boot::runCodeIgniter(Object(CodeIgniter\CodeIgniter))
 6 FCPATH\index.php(59): CodeIgniter\Boot::bootWeb(Object(Config\Paths))
WARNING - 2026-06-16 04:52:11 --> [DEPRECATED] Creation of dynamic property App\Controllers\Bengkel::$ModelKategori is deprecated in APPPATH\Controllers\Bengkel.php on line 18.
 1 SYSTEMPATH\CodeIgniter.php(921): App\Controllers\Bengkel->__construct()
 2 SYSTEMPATH\CodeIgniter.php(488): CodeIgniter\CodeIgniter->createController()
 3 SYSTEMPATH\CodeIgniter.php(340): CodeIgniter\CodeIgniter->handleRequest(null, Object(Config\Cache), false)
 4 SYSTEMPATH\Boot.php(417): CodeIgniter\CodeIgniter->run()
 5 SYSTEMPATH\Boot.php(68): CodeIgniter\Boot::runCodeIgniter(Object(CodeIgniter\CodeIgniter))
 6 FCPATH\index.php(59): CodeIgniter\Boot::bootWeb(Object(Config\Paths))
DEBUG - 2026-06-16 04:52:11 --> Session: Class initialized using 'CodeIgniter\Session\Handlers\FileHandler' driver.
WARNING - 2026-06-16 04:52:29 --> [DEPRECATED] Creation of dynamic property App\Controllers\Bengkel::$ModelWilayah is deprecated in APPPATH\Controllers\Bengkel.php on line 15.
 1 SYSTEMPATH\CodeIgniter.php(921): App\Controllers\Bengkel->__construct()
 2 SYSTEMPATH\CodeIgniter.php(488): CodeIgniter\CodeIgniter->createController()
 3 SYSTEMPATH\CodeIgniter.php(340): CodeIgniter\CodeIgniter->handleRequest(null, Object(Config\Cache), false)
 4 SYSTEMPATH\Boot.php(417): CodeIgniter\CodeIgniter->run()
 5 SYSTEMPATH\Boot.php(68): CodeIgniter\Boot::runCodeIgniter(Object(CodeIgniter\CodeIgniter))
 6 FCPATH\index.php(59): CodeIgniter\Boot::bootWeb(Object(Config\Paths))
WARNING - 2026-06-16 04:52:29 --> [DEPRECATED] Creation of dynamic property App\Controllers\Bengkel::$ModelSetting is deprecated in APPPATH\Controllers\Bengkel.php on line 16.
 1 SYSTEMPATH\CodeIgniter.php(921): App\Controllers\Bengkel->__construct()
 2 SYSTEMPATH\CodeIgniter.php(488): CodeIgniter\CodeIgniter->createController()
 3 SYSTEMPATH\CodeIgniter.php(340): CodeIgniter\CodeIgniter->handleRequest(null, Object(Config\Cache), false)
 4 SYSTEMPATH\Boot.php(417): CodeIgniter\CodeIgniter->run()
 5 SYSTEMPATH\Boot.php(68): CodeIgniter\Boot::runCodeIgniter(Object(CodeIgniter\CodeIgniter))
 6 FCPATH\index.php(59): CodeIgniter\Boot::bootWeb(Object(Config\Paths))
WARNING - 2026-06-16 04:52:29 --> [DEPRECATED] Creation of dynamic property App\Controllers\Bengkel::$ModelBengkel is deprecated in APPPATH\Controllers\Bengkel.php on line 17.
 1 SYSTEMPATH\CodeIgniter.php(921): App\Controllers\Bengkel->__construct()
 2 SYSTEMPATH\CodeIgniter.php(488): CodeIgniter\CodeIgniter->createController()
 3 SYSTEMPATH\CodeIgniter.php(340): CodeIgniter\CodeIgniter->handleRequest(null, Object(Config\Cache), false)
 4 SYSTEMPATH\Boot.php(417): CodeIgniter\CodeIgniter->run()
 5 SYSTEMPATH\Boot.php(68): CodeIgniter\Boot::runCodeIgniter(Object(CodeIgniter\CodeIgniter))
 6 FCPATH\index.php(59): CodeIgniter\Boot::bootWeb(Object(Config\Paths))
WARNING - 2026-06-16 04:52:29 --> [DEPRECATED] Creation of dynamic property App\Controllers\Bengkel::$ModelKategori is deprecated in APPPATH\Controllers\Bengkel.php on line 18.
 1 SYSTEMPATH\CodeIgniter.php(921): App\Controllers\Bengkel->__construct()
 2 SYSTEMPATH\CodeIgniter.php(488): CodeIgniter\CodeIgniter->createController()
 3 SYSTEMPATH\CodeIgniter.php(340): CodeIgniter\CodeIgniter->handleRequest(null, Object(Config\Cache), false)
 4 SYSTEMPATH\Boot.php(417): CodeIgniter\CodeIgniter->run()
 5 SYSTEMPATH\Boot.php(68): CodeIgniter\Boot::runCodeIgniter(Object(CodeIgniter\CodeIgniter))
 6 FCPATH\index.php(59): CodeIgniter\Boot::bootWeb(Object(Config\Paths))
DEBUG - 2026-06-16 04:52:29 --> Session: Class initialized using 'CodeIgniter\Session\Handlers\FileHandler' driver.
WARNING - 2026-06-16 04:52:36 --> [DEPRECATED] Creation of dynamic property App\Controllers\Bengkel::$ModelWilayah is deprecated in APPPATH\Controllers\Bengkel.php on line 15.
 1 SYSTEMPATH\CodeIgniter.php(921): App\Controllers\Bengkel->__construct()
 2 SYSTEMPATH\CodeIgniter.php(488): CodeIgniter\CodeIgniter->createController()
 3 SYSTEMPATH\CodeIgniter.php(340): CodeIgniter\CodeIgniter->handleRequest(null, Object(Config\Cache), false)
 4 SYSTEMPATH\Boot.php(417): CodeIgniter\CodeIgniter->run()
 5 SYSTEMPATH\Boot.php(68): CodeIgniter\Boot::runCodeIgniter(Object(CodeIgniter\CodeIgniter))
 6 FCPATH\index.php(59): CodeIgniter\Boot::bootWeb(Object(Config\Paths))
WARNING - 2026-06-16 04:52:36 --> [DEPRECATED] Creation of dynamic property App\Controllers\Bengkel::$ModelSetting is deprecated in APPPATH\Controllers\Bengkel.php on line 16.
 1 SYSTEMPATH\CodeIgniter.php(921): App\Controllers\Bengkel->__construct()
 2 SYSTEMPATH\CodeIgniter.php(488): CodeIgniter\CodeIgniter->createController()
 3 SYSTEMPATH\CodeIgniter.php(340): CodeIgniter\CodeIgniter->handleRequest(null, Object(Config\Cache), false)
 4 SYSTEMPATH\Boot.php(417): CodeIgniter\CodeIgniter->run()
 5 SYSTEMPATH\Boot.php(68): CodeIgniter\Boot::runCodeIgniter(Object(CodeIgniter\CodeIgniter))
 6 FCPATH\index.php(59): CodeIgniter\Boot::bootWeb(Object(Config\Paths))
WARNING - 2026-06-16 04:52:36 --> [DEPRECATED] Creation of dynamic property App\Controllers\Bengkel::$ModelBengkel is deprecated in APPPATH\Controllers\Bengkel.php on line 17.
 1 SYSTEMPATH\CodeIgniter.php(921): App\Controllers\Bengkel->__construct()
 2 SYSTEMPATH\CodeIgniter.php(488): CodeIgniter\CodeIgniter->createController()
 3 SYSTEMPATH\CodeIgniter.php(340): CodeIgniter\CodeIgniter->handleRequest(null, Object(Config\Cache), false)
 4 SYSTEMPATH\Boot.php(417): CodeIgniter\CodeIgniter->run()
 5 SYSTEMPATH\Boot.php(68): CodeIgniter\Boot::runCodeIgniter(Object(CodeIgniter\CodeIgniter))
 6 FCPATH\index.php(59): CodeIgniter\Boot::bootWeb(Object(Config\Paths))
WARNING - 2026-06-16 04:52:36 --> [DEPRECATED] Creation of dynamic property App\Controllers\Bengkel::$ModelKategori is deprecated in APPPATH\Controllers\Bengkel.php on line 18.
 1 SYSTEMPATH\CodeIgniter.php(921): App\Controllers\Bengkel->__construct()
 2 SYSTEMPATH\CodeIgniter.php(488): CodeIgniter\CodeIgniter->createController()
 3 SYSTEMPATH\CodeIgniter.php(340): CodeIgniter\CodeIgniter->handleRequest(null, Object(Config\Cache), false)
 4 SYSTEMPATH\Boot.php(417): CodeIgniter\CodeIgniter->run()
 5 SYSTEMPATH\Boot.php(68): CodeIgniter\Boot::runCodeIgniter(Object(CodeIgniter\CodeIgniter))
 6 FCPATH\index.php(59): CodeIgniter\Boot::bootWeb(Object(Config\Paths))
DEBUG - 2026-06-16 04:52:36 --> Session: Class initialized using 'CodeIgniter\Session\Handlers\FileHandler' driver.
WARNING - 2026-06-16 04:52:41 --> [DEPRECATED] Creation of dynamic property App\Controllers\Bengkel::$ModelWilayah is deprecated in APPPATH\Controllers\Bengkel.php on line 15.
 1 SYSTEMPATH\CodeIgniter.php(921): App\Controllers\Bengkel->__construct()
 2 SYSTEMPATH\CodeIgniter.php(488): CodeIgniter\CodeIgniter->createController()
 3 SYSTEMPATH\CodeIgniter.php(340): CodeIgniter\CodeIgniter->handleRequest(null, Object(Config\Cache), false)
 4 SYSTEMPATH\Boot.php(417): CodeIgniter\CodeIgniter->run()
 5 SYSTEMPATH\Boot.php(68): CodeIgniter\Boot::runCodeIgniter(Object(CodeIgniter\CodeIgniter))
 6 FCPATH\index.php(59): CodeIgniter\Boot::bootWeb(Object(Config\Paths))
WARNING - 2026-06-16 04:52:41 --> [DEPRECATED] Creation of dynamic property App\Controllers\Bengkel::$ModelSetting is deprecated in APPPATH\Controllers\Bengkel.php on line 16.
 1 SYSTEMPATH\CodeIgniter.php(921): App\Controllers\Bengkel->__construct()
 2 SYSTEMPATH\CodeIgniter.php(488): CodeIgniter\CodeIgniter->createController()
 3 SYSTEMPATH\CodeIgniter.php(340): CodeIgniter\CodeIgniter->handleRequest(null, Object(Config\Cache), false)
 4 SYSTEMPATH\Boot.php(417): CodeIgniter\CodeIgniter->run()
 5 SYSTEMPATH\Boot.php(68): CodeIgniter\Boot::runCodeIgniter(Object(CodeIgniter\CodeIgniter))
 6 FCPATH\index.php(59): CodeIgniter\Boot::bootWeb(Object(Config\Paths))
WARNING - 2026-06-16 04:52:41 --> [DEPRECATED] Creation of dynamic property App\Controllers\Bengkel::$ModelBengkel is deprecated in APPPATH\Controllers\Bengkel.php on line 17.
 1 SYSTEMPATH\CodeIgniter.php(921): App\Controllers\Bengkel->__construct()
 2 SYSTEMPATH\CodeIgniter.php(488): CodeIgniter\CodeIgniter->createController()
 3 SYSTEMPATH\CodeIgniter.php(340): CodeIgniter\CodeIgniter->handleRequest(null, Object(Config\Cache), false)
 4 SYSTEMPATH\Boot.php(417): CodeIgniter\CodeIgniter->run()
 5 SYSTEMPATH\Boot.php(68): CodeIgniter\Boot::runCodeIgniter(Object(CodeIgniter\CodeIgniter))
 6 FCPATH\index.php(59): CodeIgniter\Boot::bootWeb(Object(Config\Paths))
WARNING - 2026-06-16 04:52:41 --> [DEPRECATED] Creation of dynamic property App\Controllers\Bengkel::$ModelKategori is deprecated in APPPATH\Controllers\Bengkel.php on line 18.
 1 SYSTEMPATH\CodeIgniter.php(921): App\Controllers\Bengkel->__construct()
 2 SYSTEMPATH\CodeIgniter.php(488): CodeIgniter\CodeIgniter->createController()
 3 SYSTEMPATH\CodeIgniter.php(340): CodeIgniter\CodeIgniter->handleRequest(null, Object(Config\Cache), false)
 4 SYSTEMPATH\Boot.php(417): CodeIgniter\CodeIgniter->run()
 5 SYSTEMPATH\Boot.php(68): CodeIgniter\Boot::runCodeIgniter(Object(CodeIgniter\CodeIgniter))
 6 FCPATH\index.php(59): CodeIgniter\Boot::bootWeb(Object(Config\Paths))
DEBUG - 2026-06-16 04:52:41 --> Session: Class initialized using 'CodeIgniter\Session\Handlers\FileHandler' driver.
WARNING - 2026-06-16 04:53:07 --> [DEPRECATED] Creation of dynamic property App\Controllers\Bengkel::$ModelWilayah is deprecated in APPPATH\Controllers\Bengkel.php on line 15.
 1 SYSTEMPATH\CodeIgniter.php(921): App\Controllers\Bengkel->__construct()
 2 SYSTEMPATH\CodeIgniter.php(488): CodeIgniter\CodeIgniter->createController()
 3 SYSTEMPATH\CodeIgniter.php(340): CodeIgniter\CodeIgniter->handleRequest(null, Object(Config\Cache), false)
 4 SYSTEMPATH\Boot.php(417): CodeIgniter\CodeIgniter->run()
 5 SYSTEMPATH\Boot.php(68): CodeIgniter\Boot::runCodeIgniter(Object(CodeIgniter\CodeIgniter))
 6 FCPATH\index.php(59): CodeIgniter\Boot::bootWeb(Object(Config\Paths))
WARNING - 2026-06-16 04:53:07 --> [DEPRECATED] Creation of dynamic property App\Controllers\Bengkel::$ModelSetting is deprecated in APPPATH\Controllers\Bengkel.php on line 16.
 1 SYSTEMPATH\CodeIgniter.php(921): App\Controllers\Bengkel->__construct()
 2 SYSTEMPATH\CodeIgniter.php(488): CodeIgniter\CodeIgniter->createController()
 3 SYSTEMPATH\CodeIgniter.php(340): CodeIgniter\CodeIgniter->handleRequest(null, Object(Config\Cache), false)
 4 SYSTEMPATH\Boot.php(417): CodeIgniter\CodeIgniter->run()
 5 SYSTEMPATH\Boot.php(68): CodeIgniter\Boot::runCodeIgniter(Object(CodeIgniter\CodeIgniter))
 6 FCPATH\index.php(59): CodeIgniter\Boot::bootWeb(Object(Config\Paths))
WARNING - 2026-06-16 04:53:07 --> [DEPRECATED] Creation of dynamic property App\Controllers\Bengkel::$ModelBengkel is deprecated in APPPATH\Controllers\Bengkel.php on line 17.
 1 SYSTEMPATH\CodeIgniter.php(921): App\Controllers\Bengkel->__construct()
 2 SYSTEMPATH\CodeIgniter.php(488): CodeIgniter\CodeIgniter->createController()
 3 SYSTEMPATH\CodeIgniter.php(340): CodeIgniter\CodeIgniter->handleRequest(null, Object(Config\Cache), false)
 4 SYSTEMPATH\Boot.php(417): CodeIgniter\CodeIgniter->run()
 5 SYSTEMPATH\Boot.php(68): CodeIgniter\Boot::runCodeIgniter(Object(CodeIgniter\CodeIgniter))
 6 FCPATH\index.php(59): CodeIgniter\Boot::bootWeb(Object(Config\Paths))
WARNING - 2026-06-16 04:53:07 --> [DEPRECATED] Creation of dynamic property App\Controllers\Bengkel::$ModelKategori is deprecated in APPPATH\Controllers\Bengkel.php on line 18.
 1 SYSTEMPATH\CodeIgniter.php(921): App\Controllers\Bengkel->__construct()
 2 SYSTEMPATH\CodeIgniter.php(488): CodeIgniter\CodeIgniter->createController()
 3 SYSTEMPATH\CodeIgniter.php(340): CodeIgniter\CodeIgniter->handleRequest(null, Object(Config\Cache), false)
 4 SYSTEMPATH\Boot.php(417): CodeIgniter\CodeIgniter->run()
 5 SYSTEMPATH\Boot.php(68): CodeIgniter\Boot::runCodeIgniter(Object(CodeIgniter\CodeIgniter))
 6 FCPATH\index.php(59): CodeIgniter\Boot::bootWeb(Object(Config\Paths))
DEBUG - 2026-06-16 04:53:07 --> Session: Class initialized using 'CodeIgniter\Session\Handlers\FileHandler' driver.
WARNING - 2026-06-16 04:53:15 --> [DEPRECATED] Creation of dynamic property App\Controllers\Bengkel::$ModelWilayah is deprecated in APPPATH\Controllers\Bengkel.php on line 15.
 1 SYSTEMPATH\CodeIgniter.php(921): App\Controllers\Bengkel->__construct()
 2 SYSTEMPATH\CodeIgniter.php(488): CodeIgniter\CodeIgniter->createController()
 3 SYSTEMPATH\CodeIgniter.php(340): CodeIgniter\CodeIgniter->handleRequest(null, Object(Config\Cache), false)
 4 SYSTEMPATH\Boot.php(417): CodeIgniter\CodeIgniter->run()
 5 SYSTEMPATH\Boot.php(68): CodeIgniter\Boot::runCodeIgniter(Object(CodeIgniter\CodeIgniter))
 6 FCPATH\index.php(59): CodeIgniter\Boot::bootWeb(Object(Config\Paths))
WARNING - 2026-06-16 04:53:15 --> [DEPRECATED] Creation of dynamic property App\Controllers\Bengkel::$ModelSetting is deprecated in APPPATH\Controllers\Bengkel.php on line 16.
 1 SYSTEMPATH\CodeIgniter.php(921): App\Controllers\Bengkel->__construct()
 2 SYSTEMPATH\CodeIgniter.php(488): CodeIgniter\CodeIgniter->createController()
 3 SYSTEMPATH\CodeIgniter.php(340): CodeIgniter\CodeIgniter->handleRequest(null, Object(Config\Cache), false)
 4 SYSTEMPATH\Boot.php(417): CodeIgniter\CodeIgniter->run()
 5 SYSTEMPATH\Boot.php(68): CodeIgniter\Boot::runCodeIgniter(Object(CodeIgniter\CodeIgniter))
 6 FCPATH\index.php(59): CodeIgniter\Boot::bootWeb(Object(Config\Paths))
WARNING - 2026-06-16 04:53:15 --> [DEPRECATED] Creation of dynamic property App\Controllers\Bengkel::$ModelBengkel is deprecated in APPPATH\Controllers\Bengkel.php on line 17.
 1 SYSTEMPATH\CodeIgniter.php(921): App\Controllers\Bengkel->__construct()
 2 SYSTEMPATH\CodeIgniter.php(488): CodeIgniter\CodeIgniter->createController()
 3 SYSTEMPATH\CodeIgniter.php(340): CodeIgniter\CodeIgniter->handleRequest(null, Object(Config\Cache), false)
 4 SYSTEMPATH\Boot.php(417): CodeIgniter\CodeIgniter->run()
 5 SYSTEMPATH\Boot.php(68): CodeIgniter\Boot::runCodeIgniter(Object(CodeIgniter\CodeIgniter))
 6 FCPATH\index.php(59): CodeIgniter\Boot::bootWeb(Object(Config\Paths))
WARNING - 2026-06-16 04:53:15 --> [DEPRECATED] Creation of dynamic property App\Controllers\Bengkel::$ModelKategori is deprecated in APPPATH\Controllers\Bengkel.php on line 18.
 1 SYSTEMPATH\CodeIgniter.php(921): App\Controllers\Bengkel->__construct()
 2 SYSTEMPATH\CodeIgniter.php(488): CodeIgniter\CodeIgniter->createController()
 3 SYSTEMPATH\CodeIgniter.php(340): CodeIgniter\CodeIgniter->handleRequest(null, Object(Config\Cache), false)
 4 SYSTEMPATH\Boot.php(417): CodeIgniter\CodeIgniter->run()
 5 SYSTEMPATH\Boot.php(68): CodeIgniter\Boot::runCodeIgniter(Object(CodeIgniter\CodeIgniter))
 6 FCPATH\index.php(59): CodeIgniter\Boot::bootWeb(Object(Config\Paths))
DEBUG - 2026-06-16 04:53:15 --> Session: Class initialized using 'CodeIgniter\Session\Handlers\FileHandler' driver.
WARNING - 2026-06-16 04:53:15 --> [DEPRECATED] Creation of dynamic property App\Controllers\Bengkel::$ModelWilayah is deprecated in APPPATH\Controllers\Bengkel.php on line 15.
 1 SYSTEMPATH\CodeIgniter.php(921): App\Controllers\Bengkel->__construct()
 2 SYSTEMPATH\CodeIgniter.php(488): CodeIgniter\CodeIgniter->createController()
 3 SYSTEMPATH\CodeIgniter.php(340): CodeIgniter\CodeIgniter->handleRequest(null, Object(Config\Cache), false)
 4 SYSTEMPATH\Boot.php(417): CodeIgniter\CodeIgniter->run()
 5 SYSTEMPATH\Boot.php(68): CodeIgniter\Boot::runCodeIgniter(Object(CodeIgniter\CodeIgniter))
 6 FCPATH\index.php(59): CodeIgniter\Boot::bootWeb(Object(Config\Paths))
WARNING - 2026-06-16 04:53:15 --> [DEPRECATED] Creation of dynamic property App\Controllers\Bengkel::$ModelSetting is deprecated in APPPATH\Controllers\Bengkel.php on line 16.
 1 SYSTEMPATH\CodeIgniter.php(921): App\Controllers\Bengkel->__construct()
 2 SYSTEMPATH\CodeIgniter.php(488): CodeIgniter\CodeIgniter->createController()
 3 SYSTEMPATH\CodeIgniter.php(340): CodeIgniter\CodeIgniter->handleRequest(null, Object(Config\Cache), false)
 4 SYSTEMPATH\Boot.php(417): CodeIgniter\CodeIgniter->run()
 5 SYSTEMPATH\Boot.php(68): CodeIgniter\Boot::runCodeIgniter(Object(CodeIgniter\CodeIgniter))
 6 FCPATH\index.php(59): CodeIgniter\Boot::bootWeb(Object(Config\Paths))
WARNING - 2026-06-16 04:53:15 --> [DEPRECATED] Creation of dynamic property App\Controllers\Bengkel::$ModelBengkel is deprecated in APPPATH\Controllers\Bengkel.php on line 17.
 1 SYSTEMPATH\CodeIgniter.php(921): App\Controllers\Bengkel->__construct()
 2 SYSTEMPATH\CodeIgniter.php(488): CodeIgniter\CodeIgniter->createController()
 3 SYSTEMPATH\CodeIgniter.php(340): CodeIgniter\CodeIgniter->handleRequest(null, Object(Config\Cache), false)
 4 SYSTEMPATH\Boot.php(417): CodeIgniter\CodeIgniter->run()
 5 SYSTEMPATH\Boot.php(68): CodeIgniter\Boot::runCodeIgniter(Object(CodeIgniter\CodeIgniter))
 6 FCPATH\index.php(59): CodeIgniter\Boot::bootWeb(Object(Config\Paths))
WARNING - 2026-06-16 04:53:15 --> [DEPRECATED] Creation of dynamic property App\Controllers\Bengkel::$ModelKategori is deprecated in APPPATH\Controllers\Bengkel.php on line 18.
 1 SYSTEMPATH\CodeIgniter.php(921): App\Controllers\Bengkel->__construct()
 2 SYSTEMPATH\CodeIgniter.php(488): CodeIgniter\CodeIgniter->createController()
 3 SYSTEMPATH\CodeIgniter.php(340): CodeIgniter\CodeIgniter->handleRequest(null, Object(Config\Cache), false)
 4 SYSTEMPATH\Boot.php(417): CodeIgniter\CodeIgniter->run()
 5 SYSTEMPATH\Boot.php(68): CodeIgniter\Boot::runCodeIgniter(Object(CodeIgniter\CodeIgniter))
 6 FCPATH\index.php(59): CodeIgniter\Boot::bootWeb(Object(Config\Paths))
DEBUG - 2026-06-16 04:53:15 --> Session: Class initialized using 'CodeIgniter\Session\Handlers\FileHandler' driver.
WARNING - 2026-06-16 04:53:50 --> [DEPRECATED] Creation of dynamic property App\Controllers\Bengkel::$ModelWilayah is deprecated in APPPATH\Controllers\Bengkel.php on line 15.
 1 SYSTEMPATH\CodeIgniter.php(921): App\Controllers\Bengkel->__construct()
 2 SYSTEMPATH\CodeIgniter.php(488): CodeIgniter\CodeIgniter->createController()
 3 SYSTEMPATH\CodeIgniter.php(340): CodeIgniter\CodeIgniter->handleRequest(null, Object(Config\Cache), false)
 4 SYSTEMPATH\Boot.php(417): CodeIgniter\CodeIgniter->run()
 5 SYSTEMPATH\Boot.php(68): CodeIgniter\Boot::runCodeIgniter(Object(CodeIgniter\CodeIgniter))
 6 FCPATH\index.php(59): CodeIgniter\Boot::bootWeb(Object(Config\Paths))
WARNING - 2026-06-16 04:53:50 --> [DEPRECATED] Creation of dynamic property App\Controllers\Bengkel::$ModelSetting is deprecated in APPPATH\Controllers\Bengkel.php on line 16.
 1 SYSTEMPATH\CodeIgniter.php(921): App\Controllers\Bengkel->__construct()
 2 SYSTEMPATH\CodeIgniter.php(488): CodeIgniter\CodeIgniter->createController()
 3 SYSTEMPATH\CodeIgniter.php(340): CodeIgniter\CodeIgniter->handleRequest(null, Object(Config\Cache), false)
 4 SYSTEMPATH\Boot.php(417): CodeIgniter\CodeIgniter->run()
 5 SYSTEMPATH\Boot.php(68): CodeIgniter\Boot::runCodeIgniter(Object(CodeIgniter\CodeIgniter))
 6 FCPATH\index.php(59): CodeIgniter\Boot::bootWeb(Object(Config\Paths))
WARNING - 2026-06-16 04:53:50 --> [DEPRECATED] Creation of dynamic property App\Controllers\Bengkel::$ModelBengkel is deprecated in APPPATH\Controllers\Bengkel.php on line 17.
 1 SYSTEMPATH\CodeIgniter.php(921): App\Controllers\Bengkel->__construct()
 2 SYSTEMPATH\CodeIgniter.php(488): CodeIgniter\CodeIgniter->createController()
 3 SYSTEMPATH\CodeIgniter.php(340): CodeIgniter\CodeIgniter->handleRequest(null, Object(Config\Cache), false)
 4 SYSTEMPATH\Boot.php(417): CodeIgniter\CodeIgniter->run()
 5 SYSTEMPATH\Boot.php(68): CodeIgniter\Boot::runCodeIgniter(Object(CodeIgniter\CodeIgniter))
 6 FCPATH\index.php(59): CodeIgniter\Boot::bootWeb(Object(Config\Paths))
WARNING - 2026-06-16 04:53:50 --> [DEPRECATED] Creation of dynamic property App\Controllers\Bengkel::$ModelKategori is deprecated in APPPATH\Controllers\Bengkel.php on line 18.
 1 SYSTEMPATH\CodeIgniter.php(921): App\Controllers\Bengkel->__construct()
 2 SYSTEMPATH\CodeIgniter.php(488): CodeIgniter\CodeIgniter->createController()
 3 SYSTEMPATH\CodeIgniter.php(340): CodeIgniter\CodeIgniter->handleRequest(null, Object(Config\Cache), false)
 4 SYSTEMPATH\Boot.php(417): CodeIgniter\CodeIgniter->run()
 5 SYSTEMPATH\Boot.php(68): CodeIgniter\Boot::runCodeIgniter(Object(CodeIgniter\CodeIgniter))
 6 FCPATH\index.php(59): CodeIgniter\Boot::bootWeb(Object(Config\Paths))
DEBUG - 2026-06-16 04:53:50 --> Session: Class initialized using 'CodeIgniter\Session\Handlers\FileHandler' driver.
WARNING - 2026-06-16 04:53:55 --> [DEPRECATED] Creation of dynamic property App\Controllers\Bengkel::$ModelWilayah is deprecated in APPPATH\Controllers\Bengkel.php on line 15.
 1 SYSTEMPATH\CodeIgniter.php(921): App\Controllers\Bengkel->__construct()
 2 SYSTEMPATH\CodeIgniter.php(488): CodeIgniter\CodeIgniter->createController()
 3 SYSTEMPATH\CodeIgniter.php(340): CodeIgniter\CodeIgniter->handleRequest(null, Object(Config\Cache), false)
 4 SYSTEMPATH\Boot.php(417): CodeIgniter\CodeIgniter->run()
 5 SYSTEMPATH\Boot.php(68): CodeIgniter\Boot::runCodeIgniter(Object(CodeIgniter\CodeIgniter))
 6 FCPATH\index.php(59): CodeIgniter\Boot::bootWeb(Object(Config\Paths))
WARNING - 2026-06-16 04:53:55 --> [DEPRECATED] Creation of dynamic property App\Controllers\Bengkel::$ModelSetting is deprecated in APPPATH\Controllers\Bengkel.php on line 16.
 1 SYSTEMPATH\CodeIgniter.php(921): App\Controllers\Bengkel->__construct()
 2 SYSTEMPATH\CodeIgniter.php(488): CodeIgniter\CodeIgniter->createController()
 3 SYSTEMPATH\CodeIgniter.php(340): CodeIgniter\CodeIgniter->handleRequest(null, Object(Config\Cache), false)
 4 SYSTEMPATH\Boot.php(417): CodeIgniter\CodeIgniter->run()
 5 SYSTEMPATH\Boot.php(68): CodeIgniter\Boot::runCodeIgniter(Object(CodeIgniter\CodeIgniter))
 6 FCPATH\index.php(59): CodeIgniter\Boot::bootWeb(Object(Config\Paths))
WARNING - 2026-06-16 04:53:55 --> [DEPRECATED] Creation of dynamic property App\Controllers\Bengkel::$ModelBengkel is deprecated in APPPATH\Controllers\Bengkel.php on line 17.
 1 SYSTEMPATH\CodeIgniter.php(921): App\Controllers\Bengkel->__construct()
 2 SYSTEMPATH\CodeIgniter.php(488): CodeIgniter\CodeIgniter->createController()
 3 SYSTEMPATH\CodeIgniter.php(340): CodeIgniter\CodeIgniter->handleRequest(null, Object(Config\Cache), false)
 4 SYSTEMPATH\Boot.php(417): CodeIgniter\CodeIgniter->run()
 5 SYSTEMPATH\Boot.php(68): CodeIgniter\Boot::runCodeIgniter(Object(CodeIgniter\CodeIgniter))
 6 FCPATH\index.php(59): CodeIgniter\Boot::bootWeb(Object(Config\Paths))
WARNING - 2026-06-16 04:53:55 --> [DEPRECATED] Creation of dynamic property App\Controllers\Bengkel::$ModelKategori is deprecated in APPPATH\Controllers\Bengkel.php on line 18.
 1 SYSTEMPATH\CodeIgniter.php(921): App\Controllers\Bengkel->__construct()
 2 SYSTEMPATH\CodeIgniter.php(488): CodeIgniter\CodeIgniter->createController()
 3 SYSTEMPATH\CodeIgniter.php(340): CodeIgniter\CodeIgniter->handleRequest(null, Object(Config\Cache), false)
 4 SYSTEMPATH\Boot.php(417): CodeIgniter\CodeIgniter->run()
 5 SYSTEMPATH\Boot.php(68): CodeIgniter\Boot::runCodeIgniter(Object(CodeIgniter\CodeIgniter))
 6 FCPATH\index.php(59): CodeIgniter\Boot::bootWeb(Object(Config\Paths))
DEBUG - 2026-06-16 04:53:55 --> Session: Class initialized using 'CodeIgniter\Session\Handlers\FileHandler' driver.
WARNING - 2026-06-16 04:54:01 --> [DEPRECATED] Creation of dynamic property App\Controllers\Bengkel::$ModelWilayah is deprecated in APPPATH\Controllers\Bengkel.php on line 15.
 1 SYSTEMPATH\CodeIgniter.php(921): App\Controllers\Bengkel->__construct()
 2 SYSTEMPATH\CodeIgniter.php(488): CodeIgniter\CodeIgniter->createController()
 3 SYSTEMPATH\CodeIgniter.php(340): CodeIgniter\CodeIgniter->handleRequest(null, Object(Config\Cache), false)
 4 SYSTEMPATH\Boot.php(417): CodeIgniter\CodeIgniter->run()
 5 SYSTEMPATH\Boot.php(68): CodeIgniter\Boot::runCodeIgniter(Object(CodeIgniter\CodeIgniter))
 6 FCPATH\index.php(59): CodeIgniter\Boot::bootWeb(Object(Config\Paths))
WARNING - 2026-06-16 04:54:01 --> [DEPRECATED] Creation of dynamic property App\Controllers\Bengkel::$ModelSetting is deprecated in APPPATH\Controllers\Bengkel.php on line 16.
 1 SYSTEMPATH\CodeIgniter.php(921): App\Controllers\Bengkel->__construct()
 2 SYSTEMPATH\CodeIgniter.php(488): CodeIgniter\CodeIgniter->createController()
 3 SYSTEMPATH\CodeIgniter.php(340): CodeIgniter\CodeIgniter->handleRequest(null, Object(Config\Cache), false)
 4 SYSTEMPATH\Boot.php(417): CodeIgniter\CodeIgniter->run()
 5 SYSTEMPATH\Boot.php(68): CodeIgniter\Boot::runCodeIgniter(Object(CodeIgniter\CodeIgniter))
 6 FCPATH\index.php(59): CodeIgniter\Boot::bootWeb(Object(Config\Paths))
WARNING - 2026-06-16 04:54:01 --> [DEPRECATED] Creation of dynamic property App\Controllers\Bengkel::$ModelBengkel is deprecated in APPPATH\Controllers\Bengkel.php on line 17.
 1 SYSTEMPATH\CodeIgniter.php(921): App\Controllers\Bengkel->__construct()
 2 SYSTEMPATH\CodeIgniter.php(488): CodeIgniter\CodeIgniter->createController()
 3 SYSTEMPATH\CodeIgniter.php(340): CodeIgniter\CodeIgniter->handleRequest(null, Object(Config\Cache), false)
 4 SYSTEMPATH\Boot.php(417): CodeIgniter\CodeIgniter->run()
 5 SYSTEMPATH\Boot.php(68): CodeIgniter\Boot::runCodeIgniter(Object(CodeIgniter\CodeIgniter))
 6 FCPATH\index.php(59): CodeIgniter\Boot::bootWeb(Object(Config\Paths))
WARNING - 2026-06-16 04:54:01 --> [DEPRECATED] Creation of dynamic property App\Controllers\Bengkel::$ModelKategori is deprecated in APPPATH\Controllers\Bengkel.php on line 18.
 1 SYSTEMPATH\CodeIgniter.php(921): App\Controllers\Bengkel->__construct()
 2 SYSTEMPATH\CodeIgniter.php(488): CodeIgniter\CodeIgniter->createController()
 3 SYSTEMPATH\CodeIgniter.php(340): CodeIgniter\CodeIgniter->handleRequest(null, Object(Config\Cache), false)
 4 SYSTEMPATH\Boot.php(417): CodeIgniter\CodeIgniter->run()
 5 SYSTEMPATH\Boot.php(68): CodeIgniter\Boot::runCodeIgniter(Object(CodeIgniter\CodeIgniter))
 6 FCPATH\index.php(59): CodeIgniter\Boot::bootWeb(Object(Config\Paths))
DEBUG - 2026-06-16 04:54:01 --> Session: Class initialized using 'CodeIgniter\Session\Handlers\FileHandler' driver.
WARNING - 2026-06-16 04:54:07 --> [DEPRECATED] Creation of dynamic property App\Controllers\Bengkel::$ModelWilayah is deprecated in APPPATH\Controllers\Bengkel.php on line 15.
 1 SYSTEMPATH\CodeIgniter.php(921): App\Controllers\Bengkel->__construct()
 2 SYSTEMPATH\CodeIgniter.php(488): CodeIgniter\CodeIgniter->createController()
 3 SYSTEMPATH\CodeIgniter.php(340): CodeIgniter\CodeIgniter->handleRequest(null, Object(Config\Cache), false)
 4 SYSTEMPATH\Boot.php(417): CodeIgniter\CodeIgniter->run()
 5 SYSTEMPATH\Boot.php(68): CodeIgniter\Boot::runCodeIgniter(Object(CodeIgniter\CodeIgniter))
 6 FCPATH\index.php(59): CodeIgniter\Boot::bootWeb(Object(Config\Paths))
WARNING - 2026-06-16 04:54:07 --> [DEPRECATED] Creation of dynamic property App\Controllers\Bengkel::$ModelSetting is deprecated in APPPATH\Controllers\Bengkel.php on line 16.
 1 SYSTEMPATH\CodeIgniter.php(921): App\Controllers\Bengkel->__construct()
 2 SYSTEMPATH\CodeIgniter.php(488): CodeIgniter\CodeIgniter->createController()
 3 SYSTEMPATH\CodeIgniter.php(340): CodeIgniter\CodeIgniter->handleRequest(null, Object(Config\Cache), false)
 4 SYSTEMPATH\Boot.php(417): CodeIgniter\CodeIgniter->run()
 5 SYSTEMPATH\Boot.php(68): CodeIgniter\Boot::runCodeIgniter(Object(CodeIgniter\CodeIgniter))
 6 FCPATH\index.php(59): CodeIgniter\Boot::bootWeb(Object(Config\Paths))
WARNING - 2026-06-16 04:54:07 --> [DEPRECATED] Creation of dynamic property App\Controllers\Bengkel::$ModelBengkel is deprecated in APPPATH\Controllers\Bengkel.php on line 17.
 1 SYSTEMPATH\CodeIgniter.php(921): App\Controllers\Bengkel->__construct()
 2 SYSTEMPATH\CodeIgniter.php(488): CodeIgniter\CodeIgniter->createController()
 3 SYSTEMPATH\CodeIgniter.php(340): CodeIgniter\CodeIgniter->handleRequest(null, Object(Config\Cache), false)
 4 SYSTEMPATH\Boot.php(417): CodeIgniter\CodeIgniter->run()
 5 SYSTEMPATH\Boot.php(68): CodeIgniter\Boot::runCodeIgniter(Object(CodeIgniter\CodeIgniter))
 6 FCPATH\index.php(59): CodeIgniter\Boot::bootWeb(Object(Config\Paths))
WARNING - 2026-06-16 04:54:07 --> [DEPRECATED] Creation of dynamic property App\Controllers\Bengkel::$ModelKategori is deprecated in APPPATH\Controllers\Bengkel.php on line 18.
 1 SYSTEMPATH\CodeIgniter.php(921): App\Controllers\Bengkel->__construct()
 2 SYSTEMPATH\CodeIgniter.php(488): CodeIgniter\CodeIgniter->createController()
 3 SYSTEMPATH\CodeIgniter.php(340): CodeIgniter\CodeIgniter->handleRequest(null, Object(Config\Cache), false)
 4 SYSTEMPATH\Boot.php(417): CodeIgniter\CodeIgniter->run()
 5 SYSTEMPATH\Boot.php(68): CodeIgniter\Boot::runCodeIgniter(Object(CodeIgniter\CodeIgniter))
 6 FCPATH\index.php(59): CodeIgniter\Boot::bootWeb(Object(Config\Paths))
DEBUG - 2026-06-16 04:54:07 --> Session: Class initialized using 'CodeIgniter\Session\Handlers\FileHandler' driver.
WARNING - 2026-06-16 04:54:11 --> [DEPRECATED] Creation of dynamic property App\Controllers\Bengkel::$ModelWilayah is deprecated in APPPATH\Controllers\Bengkel.php on line 15.
 1 SYSTEMPATH\CodeIgniter.php(921): App\Controllers\Bengkel->__construct()
 2 SYSTEMPATH\CodeIgniter.php(488): CodeIgniter\CodeIgniter->createController()
 3 SYSTEMPATH\CodeIgniter.php(340): CodeIgniter\CodeIgniter->handleRequest(null, Object(Config\Cache), false)
 4 SYSTEMPATH\Boot.php(417): CodeIgniter\CodeIgniter->run()
 5 SYSTEMPATH\Boot.php(68): CodeIgniter\Boot::runCodeIgniter(Object(CodeIgniter\CodeIgniter))
 6 FCPATH\index.php(59): CodeIgniter\Boot::bootWeb(Object(Config\Paths))
WARNING - 2026-06-16 04:54:11 --> [DEPRECATED] Creation of dynamic property App\Controllers\Bengkel::$ModelSetting is deprecated in APPPATH\Controllers\Bengkel.php on line 16.
 1 SYSTEMPATH\CodeIgniter.php(921): App\Controllers\Bengkel->__construct()
 2 SYSTEMPATH\CodeIgniter.php(488): CodeIgniter\CodeIgniter->createController()
 3 SYSTEMPATH\CodeIgniter.php(340): CodeIgniter\CodeIgniter->handleRequest(null, Object(Config\Cache), false)
 4 SYSTEMPATH\Boot.php(417): CodeIgniter\CodeIgniter->run()
 5 SYSTEMPATH\Boot.php(68): CodeIgniter\Boot::runCodeIgniter(Object(CodeIgniter\CodeIgniter))
 6 FCPATH\index.php(59): CodeIgniter\Boot::bootWeb(Object(Config\Paths))
WARNING - 2026-06-16 04:54:11 --> [DEPRECATED] Creation of dynamic property App\Controllers\Bengkel::$ModelBengkel is deprecated in APPPATH\Controllers\Bengkel.php on line 17.
 1 SYSTEMPATH\CodeIgniter.php(921): App\Controllers\Bengkel->__construct()
 2 SYSTEMPATH\CodeIgniter.php(488): CodeIgniter\CodeIgniter->createController()
 3 SYSTEMPATH\CodeIgniter.php(340): CodeIgniter\CodeIgniter->handleRequest(null, Object(Config\Cache), false)
 4 SYSTEMPATH\Boot.php(417): CodeIgniter\CodeIgniter->run()
 5 SYSTEMPATH\Boot.php(68): CodeIgniter\Boot::runCodeIgniter(Object(CodeIgniter\CodeIgniter))
 6 FCPATH\index.php(59): CodeIgniter\Boot::bootWeb(Object(Config\Paths))
WARNING - 2026-06-16 04:54:11 --> [DEPRECATED] Creation of dynamic property App\Controllers\Bengkel::$ModelKategori is deprecated in APPPATH\Controllers\Bengkel.php on line 18.
 1 SYSTEMPATH\CodeIgniter.php(921): App\Controllers\Bengkel->__construct()
 2 SYSTEMPATH\CodeIgniter.php(488): CodeIgniter\CodeIgniter->createController()
 3 SYSTEMPATH\CodeIgniter.php(340): CodeIgniter\CodeIgniter->handleRequest(null, Object(Config\Cache), false)
 4 SYSTEMPATH\Boot.php(417): CodeIgniter\CodeIgniter->run()
 5 SYSTEMPATH\Boot.php(68): CodeIgniter\Boot::runCodeIgniter(Object(CodeIgniter\CodeIgniter))
 6 FCPATH\index.php(59): CodeIgniter\Boot::bootWeb(Object(Config\Paths))
DEBUG - 2026-06-16 04:54:11 --> Session: Class initialized using 'CodeIgniter\Session\Handlers\FileHandler' driver.
WARNING - 2026-06-16 04:54:11 --> [DEPRECATED] Creation of dynamic property App\Controllers\Bengkel::$ModelWilayah is deprecated in APPPATH\Controllers\Bengkel.php on line 15.
 1 SYSTEMPATH\CodeIgniter.php(921): App\Controllers\Bengkel->__construct()
 2 SYSTEMPATH\CodeIgniter.php(488): CodeIgniter\CodeIgniter->createController()
 3 SYSTEMPATH\CodeIgniter.php(340): CodeIgniter\CodeIgniter->handleRequest(null, Object(Config\Cache), false)
 4 SYSTEMPATH\Boot.php(417): CodeIgniter\CodeIgniter->run()
 5 SYSTEMPATH\Boot.php(68): CodeIgniter\Boot::runCodeIgniter(Object(CodeIgniter\CodeIgniter))
 6 FCPATH\index.php(59): CodeIgniter\Boot::bootWeb(Object(Config\Paths))
WARNING - 2026-06-16 04:54:11 --> [DEPRECATED] Creation of dynamic property App\Controllers\Bengkel::$ModelSetting is deprecated in APPPATH\Controllers\Bengkel.php on line 16.
 1 SYSTEMPATH\CodeIgniter.php(921): App\Controllers\Bengkel->__construct()
 2 SYSTEMPATH\CodeIgniter.php(488): CodeIgniter\CodeIgniter->createController()
 3 SYSTEMPATH\CodeIgniter.php(340): CodeIgniter\CodeIgniter->handleRequest(null, Object(Config\Cache), false)
 4 SYSTEMPATH\Boot.php(417): CodeIgniter\CodeIgniter->run()
 5 SYSTEMPATH\Boot.php(68): CodeIgniter\Boot::runCodeIgniter(Object(CodeIgniter\CodeIgniter))
 6 FCPATH\index.php(59): CodeIgniter\Boot::bootWeb(Object(Config\Paths))
WARNING - 2026-06-16 04:54:11 --> [DEPRECATED] Creation of dynamic property App\Controllers\Bengkel::$ModelBengkel is deprecated in APPPATH\Controllers\Bengkel.php on line 17.
 1 SYSTEMPATH\CodeIgniter.php(921): App\Controllers\Bengkel->__construct()
 2 SYSTEMPATH\CodeIgniter.php(488): CodeIgniter\CodeIgniter->createController()
 3 SYSTEMPATH\CodeIgniter.php(340): CodeIgniter\CodeIgniter->handleRequest(null, Object(Config\Cache), false)
 4 SYSTEMPATH\Boot.php(417): CodeIgniter\CodeIgniter->run()
 5 SYSTEMPATH\Boot.php(68): CodeIgniter\Boot::runCodeIgniter(Object(CodeIgniter\CodeIgniter))
 6 FCPATH\index.php(59): CodeIgniter\Boot::bootWeb(Object(Config\Paths))
WARNING - 2026-06-16 04:54:11 --> [DEPRECATED] Creation of dynamic property App\Controllers\Bengkel::$ModelKategori is deprecated in APPPATH\Controllers\Bengkel.php on line 18.
 1 SYSTEMPATH\CodeIgniter.php(921): App\Controllers\Bengkel->__construct()
 2 SYSTEMPATH\CodeIgniter.php(488): CodeIgniter\CodeIgniter->createController()
 3 SYSTEMPATH\CodeIgniter.php(340): CodeIgniter\CodeIgniter->handleRequest(null, Object(Config\Cache), false)
 4 SYSTEMPATH\Boot.php(417): CodeIgniter\CodeIgniter->run()
 5 SYSTEMPATH\Boot.php(68): CodeIgniter\Boot::runCodeIgniter(Object(CodeIgniter\CodeIgniter))
 6 FCPATH\index.php(59): CodeIgniter\Boot::bootWeb(Object(Config\Paths))
DEBUG - 2026-06-16 04:54:11 --> Session: Class initialized using 'CodeIgniter\Session\Handlers\FileHandler' driver.
