WARNING - 2026-06-20 03:23:51 --> [DEPRECATED] Creation of dynamic property App\Controllers\Bengkel::$ModelWilayah is deprecated in APPPATH\Controllers\Bengkel.php on line 15.
 1 SYSTEMPATH\CodeIgniter.php(921): App\Controllers\Bengkel->__construct()
 2 SYSTEMPATH\CodeIgniter.php(488): CodeIgniter\CodeIgniter->createController()
 3 SYSTEMPATH\CodeIgniter.php(340): CodeIgniter\CodeIgniter->handleRequest(null, Object(Config\Cache), false)
 4 SYSTEMPATH\Boot.php(417): CodeIgniter\CodeIgniter->run()
 5 SYSTEMPATH\Boot.php(68): CodeIgniter\Boot::runCodeIgniter(Object(CodeIgniter\CodeIgniter))
 6 FCPATH\index.php(59): CodeIgniter\Boot::bootWeb(Object(Config\Paths))
WARNING - 2026-06-20 03:23:51 --> [DEPRECATED] Creation of dynamic property App\Controllers\Bengkel::$ModelSetting is deprecated in APPPATH\Controllers\Bengkel.php on line 16.
 1 SYSTEMPATH\CodeIgniter.php(921): App\Controllers\Bengkel->__construct()
 2 SYSTEMPATH\CodeIgniter.php(488): CodeIgniter\CodeIgniter->createController()
 3 SYSTEMPATH\CodeIgniter.php(340): CodeIgniter\CodeIgniter->handleRequest(null, Object(Config\Cache), false)
 4 SYSTEMPATH\Boot.php(417): CodeIgniter\CodeIgniter->run()
 5 SYSTEMPATH\Boot.php(68): CodeIgniter\Boot::runCodeIgniter(Object(CodeIgniter\CodeIgniter))
 6 FCPATH\index.php(59): CodeIgniter\Boot::bootWeb(Object(Config\Paths))
WARNING - 2026-06-20 03:23:51 --> [DEPRECATED] Creation of dynamic property App\Controllers\Bengkel::$ModelBengkel is deprecated in APPPATH\Controllers\Bengkel.php on line 17.
 1 SYSTEMPATH\CodeIgniter.php(921): App\Controllers\Bengkel->__construct()
 2 SYSTEMPATH\CodeIgniter.php(488): CodeIgniter\CodeIgniter->createController()
 3 SYSTEMPATH\CodeIgniter.php(340): CodeIgniter\CodeIgniter->handleRequest(null, Object(Config\Cache), false)
 4 SYSTEMPATH\Boot.php(417): CodeIgniter\CodeIgniter->run()
 5 SYSTEMPATH\Boot.php(68): CodeIgniter\Boot::runCodeIgniter(Object(CodeIgniter\CodeIgniter))
 6 FCPATH\index.php(59): CodeIgniter\Boot::bootWeb(Object(Config\Paths))
WARNING - 2026-06-20 03:23:51 --> [DEPRECATED] Creation of dynamic property App\Controllers\Bengkel::$ModelKategori is deprecated in APPPATH\Controllers\Bengkel.php on line 18.
 1 SYSTEMPATH\CodeIgniter.php(921): App\Controllers\Bengkel->__construct()
 2 SYSTEMPATH\CodeIgniter.php(488): CodeIgniter\CodeIgniter->createController()
 3 SYSTEMPATH\CodeIgniter.php(340): CodeIgniter\CodeIgniter->handleRequest(null, Object(Config\Cache), false)
 4 SYSTEMPATH\Boot.php(417): CodeIgniter\CodeIgniter->run()
 5 SYSTEMPATH\Boot.php(68): CodeIgniter\Boot::runCodeIgniter(Object(CodeIgniter\CodeIgniter))
 6 FCPATH\index.php(59): CodeIgniter\Boot::bootWeb(Object(Config\Paths))
DEBUG - 2026-06-20 03:23:51 --> Session: Class initialized using 'CodeIgniter\Session\Handlers\FileHandler' driver.
WARNING - 2026-06-20 03:23:54 --> [DEPRECATED] Creation of dynamic property App\Controllers\Admin::$ModelSetting is deprecated in APPPATH\Controllers\Admin.php on line 11.
 1 SYSTEMPATH\CodeIgniter.php(921): App\Controllers\Admin->__construct()
 2 SYSTEMPATH\CodeIgniter.php(488): CodeIgniter\CodeIgniter->createController()
 3 SYSTEMPATH\CodeIgniter.php(340): CodeIgniter\CodeIgniter->handleRequest(null, Object(Config\Cache), false)
 4 SYSTEMPATH\Boot.php(417): CodeIgniter\CodeIgniter->run()
 5 SYSTEMPATH\Boot.php(68): CodeIgniter\Boot::runCodeIgniter(Object(CodeIgniter\CodeIgniter))
 6 FCPATH\index.php(59): CodeIgniter\Boot::bootWeb(Object(Config\Paths))
CRITICAL - 2026-06-20 03:23:54 --> ErrorException: ini_set(): Session ini settings cannot be changed when a session is active (started from C:\laragon\www\gis_bengkel\app\Views\v_dashboard.php on line 8)
[Method: GET, Route: Admin]
in SYSTEMPATH\Session\Handlers\FileHandler.php on line 73.
 1 [internal function]: CodeIgniter\Debug\Exceptions->errorHandler(2, 'ini_set(): Session ini settings cannot be changed when a session is active (started from C:\\laragon\\www\\gis_bengkel\\app\\Views\\v_dashboard.php on line 8)', 'C:\\laragon\\www\\gis_bengkel\\system\\Session\\Handlers\\FileHandler.php', 73)
 2 SYSTEMPATH\Session\Handlers\FileHandler.php(73): ini_set('session.save_path', 'C:\\laragon\\www\\gis_bengkel\\writable\\session')
 3 SYSTEMPATH\Config\Services.php(702): CodeIgniter\Session\Handlers\FileHandler->__construct(Object(Config\Session), '::1')
 4 SYSTEMPATH\Config\BaseService.php(325): CodeIgniter\Config\Services::session(Object(Config\Session), false)
 5 SYSTEMPATH\Config\BaseService.php(264): CodeIgniter\Config\BaseService::__callStatic('session', [...])
 6 SYSTEMPATH\Config\Services.php(668): CodeIgniter\Config\BaseService::getSharedInstance('session', null)
 7 SYSTEMPATH\Config\BaseService.php(334): CodeIgniter\Config\Services::session()
 8 SYSTEMPATH\Config\BaseService.php(203): CodeIgniter\Config\BaseService::__callStatic('session', [])
 9 SYSTEMPATH\Common.php(1078): CodeIgniter\Config\BaseService::get('session')
10 SYSTEMPATH\Common.php(1051): service('session')
11 SYSTEMPATH\CodeIgniter.php(1082): session()
12 SYSTEMPATH\CodeIgniter.php(537): CodeIgniter\CodeIgniter->storePreviousURL(Object(CodeIgniter\HTTP\SiteURI))
13 SYSTEMPATH\CodeIgniter.php(340): CodeIgniter\CodeIgniter->handleRequest(null, Object(Config\Cache), false)
14 SYSTEMPATH\Boot.php(417): CodeIgniter\CodeIgniter->run()
15 SYSTEMPATH\Boot.php(68): CodeIgniter\Boot::runCodeIgniter(Object(CodeIgniter\CodeIgniter))
16 FCPATH\index.php(59): CodeIgniter\Boot::bootWeb(Object(Config\Paths))
WARNING - 2026-06-20 03:24:36 --> [DEPRECATED] Creation of dynamic property App\Controllers\Admin::$ModelSetting is deprecated in APPPATH\Controllers\Admin.php on line 11.
 1 SYSTEMPATH\CodeIgniter.php(921): App\Controllers\Admin->__construct()
 2 SYSTEMPATH\CodeIgniter.php(488): CodeIgniter\CodeIgniter->createController()
 3 SYSTEMPATH\CodeIgniter.php(340): CodeIgniter\CodeIgniter->handleRequest(null, Object(Config\Cache), false)
 4 SYSTEMPATH\Boot.php(417): CodeIgniter\CodeIgniter->run()
 5 SYSTEMPATH\Boot.php(68): CodeIgniter\Boot::runCodeIgniter(Object(CodeIgniter\CodeIgniter))
 6 FCPATH\index.php(59): CodeIgniter\Boot::bootWeb(Object(Config\Paths))
CRITICAL - 2026-06-20 03:24:36 --> ErrorException: ini_set(): Session ini settings cannot be changed when a session is active (started from C:\laragon\www\gis_bengkel\app\Views\v_dashboard.php on line 8)
[Method: GET, Route: Admin]
in SYSTEMPATH\Session\Handlers\FileHandler.php on line 73.
 1 [internal function]: CodeIgniter\Debug\Exceptions->errorHandler(2, 'ini_set(): Session ini settings cannot be changed when a session is active (started from C:\\laragon\\www\\gis_bengkel\\app\\Views\\v_dashboard.php on line 8)', 'C:\\laragon\\www\\gis_bengkel\\system\\Session\\Handlers\\FileHandler.php', 73)
 2 SYSTEMPATH\Session\Handlers\FileHandler.php(73): ini_set('session.save_path', 'C:\\laragon\\www\\gis_bengkel\\writable\\session')
 3 SYSTEMPATH\Config\Services.php(702): CodeIgniter\Session\Handlers\FileHandler->__construct(Object(Config\Session), '::1')
 4 SYSTEMPATH\Config\BaseService.php(325): CodeIgniter\Config\Services::session(Object(Config\Session), false)
 5 SYSTEMPATH\Config\BaseService.php(264): CodeIgniter\Config\BaseService::__callStatic('session', [...])
 6 SYSTEMPATH\Config\Services.php(668): CodeIgniter\Config\BaseService::getSharedInstance('session', null)
 7 SYSTEMPATH\Config\BaseService.php(334): CodeIgniter\Config\Services::session()
 8 SYSTEMPATH\Config\BaseService.php(203): CodeIgniter\Config\BaseService::__callStatic('session', [])
 9 SYSTEMPATH\Common.php(1078): CodeIgniter\Config\BaseService::get('session')
10 SYSTEMPATH\Common.php(1051): service('session')
11 SYSTEMPATH\CodeIgniter.php(1082): session()
12 SYSTEMPATH\CodeIgniter.php(537): CodeIgniter\CodeIgniter->storePreviousURL(Object(CodeIgniter\HTTP\SiteURI))
13 SYSTEMPATH\CodeIgniter.php(340): CodeIgniter\CodeIgniter->handleRequest(null, Object(Config\Cache), false)
14 SYSTEMPATH\Boot.php(417): CodeIgniter\CodeIgniter->run()
15 SYSTEMPATH\Boot.php(68): CodeIgniter\Boot::runCodeIgniter(Object(CodeIgniter\CodeIgniter))
16 FCPATH\index.php(59): CodeIgniter\Boot::bootWeb(Object(Config\Paths))
WARNING - 2026-06-20 03:24:37 --> [DEPRECATED] Creation of dynamic property App\Controllers\Admin::$ModelSetting is deprecated in APPPATH\Controllers\Admin.php on line 11.
 1 SYSTEMPATH\CodeIgniter.php(921): App\Controllers\Admin->__construct()
 2 SYSTEMPATH\CodeIgniter.php(488): CodeIgniter\CodeIgniter->createController()
 3 SYSTEMPATH\CodeIgniter.php(340): CodeIgniter\CodeIgniter->handleRequest(null, Object(Config\Cache), false)
 4 SYSTEMPATH\Boot.php(417): CodeIgniter\CodeIgniter->run()
 5 SYSTEMPATH\Boot.php(68): CodeIgniter\Boot::runCodeIgniter(Object(CodeIgniter\CodeIgniter))
 6 FCPATH\index.php(59): CodeIgniter\Boot::bootWeb(Object(Config\Paths))
CRITICAL - 2026-06-20 03:24:37 --> ErrorException: ini_set(): Session ini settings cannot be changed when a session is active (started from C:\laragon\www\gis_bengkel\app\Views\v_dashboard.php on line 8)
[Method: GET, Route: Admin]
in SYSTEMPATH\Session\Handlers\FileHandler.php on line 73.
 1 [internal function]: CodeIgniter\Debug\Exceptions->errorHandler(2, 'ini_set(): Session ini settings cannot be changed when a session is active (started from C:\\laragon\\www\\gis_bengkel\\app\\Views\\v_dashboard.php on line 8)', 'C:\\laragon\\www\\gis_bengkel\\system\\Session\\Handlers\\FileHandler.php', 73)
 2 SYSTEMPATH\Session\Handlers\FileHandler.php(73): ini_set('session.save_path', 'C:\\laragon\\www\\gis_bengkel\\writable\\session')
 3 SYSTEMPATH\Config\Services.php(702): CodeIgniter\Session\Handlers\FileHandler->__construct(Object(Config\Session), '::1')
 4 SYSTEMPATH\Config\BaseService.php(325): CodeIgniter\Config\Services::session(Object(Config\Session), false)
 5 SYSTEMPATH\Config\BaseService.php(264): CodeIgniter\Config\BaseService::__callStatic('session', [...])
 6 SYSTEMPATH\Config\Services.php(668): CodeIgniter\Config\BaseService::getSharedInstance('session', null)
 7 SYSTEMPATH\Config\BaseService.php(334): CodeIgniter\Config\Services::session()
 8 SYSTEMPATH\Config\BaseService.php(203): CodeIgniter\Config\BaseService::__callStatic('session', [])
 9 SYSTEMPATH\Common.php(1078): CodeIgniter\Config\BaseService::get('session')
10 SYSTEMPATH\Common.php(1051): service('session')
11 SYSTEMPATH\CodeIgniter.php(1082): session()
12 SYSTEMPATH\CodeIgniter.php(537): CodeIgniter\CodeIgniter->storePreviousURL(Object(CodeIgniter\HTTP\SiteURI))
13 SYSTEMPATH\CodeIgniter.php(340): CodeIgniter\CodeIgniter->handleRequest(null, Object(Config\Cache), false)
14 SYSTEMPATH\Boot.php(417): CodeIgniter\CodeIgniter->run()
15 SYSTEMPATH\Boot.php(68): CodeIgniter\Boot::runCodeIgniter(Object(CodeIgniter\CodeIgniter))
16 FCPATH\index.php(59): CodeIgniter\Boot::bootWeb(Object(Config\Paths))
WARNING - 2026-06-20 03:24:54 --> [DEPRECATED] Creation of dynamic property App\Controllers\Admin::$ModelSetting is deprecated in APPPATH\Controllers\Admin.php on line 11.
 1 SYSTEMPATH\CodeIgniter.php(921): App\Controllers\Admin->__construct()
 2 SYSTEMPATH\CodeIgniter.php(488): CodeIgniter\CodeIgniter->createController()
 3 SYSTEMPATH\CodeIgniter.php(340): CodeIgniter\CodeIgniter->handleRequest(null, Object(Config\Cache), false)
 4 SYSTEMPATH\Boot.php(417): CodeIgniter\CodeIgniter->run()
 5 SYSTEMPATH\Boot.php(68): CodeIgniter\Boot::runCodeIgniter(Object(CodeIgniter\CodeIgniter))
 6 FCPATH\index.php(59): CodeIgniter\Boot::bootWeb(Object(Config\Paths))
CRITICAL - 2026-06-20 03:24:54 --> ErrorException: ini_set(): Session ini settings cannot be changed when a session is active (started from C:\laragon\www\gis_bengkel\app\Views\v_dashboard.php on line 8)
[Method: GET, Route: Admin]
in SYSTEMPATH\Session\Handlers\FileHandler.php on line 73.
 1 [internal function]: CodeIgniter\Debug\Exceptions->errorHandler(2, 'ini_set(): Session ini settings cannot be changed when a session is active (started from C:\\laragon\\www\\gis_bengkel\\app\\Views\\v_dashboard.php on line 8)', 'C:\\laragon\\www\\gis_bengkel\\system\\Session\\Handlers\\FileHandler.php', 73)
 2 SYSTEMPATH\Session\Handlers\FileHandler.php(73): ini_set('session.save_path', 'C:\\laragon\\www\\gis_bengkel\\writable\\session')
 3 SYSTEMPATH\Config\Services.php(702): CodeIgniter\Session\Handlers\FileHandler->__construct(Object(Config\Session), '::1')
 4 SYSTEMPATH\Config\BaseService.php(325): CodeIgniter\Config\Services::session(Object(Config\Session), false)
 5 SYSTEMPATH\Config\BaseService.php(264): CodeIgniter\Config\BaseService::__callStatic('session', [...])
 6 SYSTEMPATH\Config\Services.php(668): CodeIgniter\Config\BaseService::getSharedInstance('session', null)
 7 SYSTEMPATH\Config\BaseService.php(334): CodeIgniter\Config\Services::session()
 8 SYSTEMPATH\Config\BaseService.php(203): CodeIgniter\Config\BaseService::__callStatic('session', [])
 9 SYSTEMPATH\Common.php(1078): CodeIgniter\Config\BaseService::get('session')
10 SYSTEMPATH\Common.php(1051): service('session')
11 SYSTEMPATH\CodeIgniter.php(1082): session()
12 SYSTEMPATH\CodeIgniter.php(537): CodeIgniter\CodeIgniter->storePreviousURL(Object(CodeIgniter\HTTP\SiteURI))
13 SYSTEMPATH\CodeIgniter.php(340): CodeIgniter\CodeIgniter->handleRequest(null, Object(Config\Cache), false)
14 SYSTEMPATH\Boot.php(417): CodeIgniter\CodeIgniter->run()
15 SYSTEMPATH\Boot.php(68): CodeIgniter\Boot::runCodeIgniter(Object(CodeIgniter\CodeIgniter))
16 FCPATH\index.php(59): CodeIgniter\Boot::bootWeb(Object(Config\Paths))
WARNING - 2026-06-20 03:24:54 --> [DEPRECATED] Creation of dynamic property App\Controllers\Admin::$ModelSetting is deprecated in APPPATH\Controllers\Admin.php on line 11.
 1 SYSTEMPATH\CodeIgniter.php(921): App\Controllers\Admin->__construct()
 2 SYSTEMPATH\CodeIgniter.php(488): CodeIgniter\CodeIgniter->createController()
 3 SYSTEMPATH\CodeIgniter.php(340): CodeIgniter\CodeIgniter->handleRequest(null, Object(Config\Cache), false)
 4 SYSTEMPATH\Boot.php(417): CodeIgniter\CodeIgniter->run()
 5 SYSTEMPATH\Boot.php(68): CodeIgniter\Boot::runCodeIgniter(Object(CodeIgniter\CodeIgniter))
 6 FCPATH\index.php(59): CodeIgniter\Boot::bootWeb(Object(Config\Paths))
CRITICAL - 2026-06-20 03:24:54 --> ErrorException: ini_set(): Session ini settings cannot be changed when a session is active (started from C:\laragon\www\gis_bengkel\app\Views\v_dashboard.php on line 8)
[Method: GET, Route: Admin]
in SYSTEMPATH\Session\Handlers\FileHandler.php on line 73.
 1 [internal function]: CodeIgniter\Debug\Exceptions->errorHandler(2, 'ini_set(): Session ini settings cannot be changed when a session is active (started from C:\\laragon\\www\\gis_bengkel\\app\\Views\\v_dashboard.php on line 8)', 'C:\\laragon\\www\\gis_bengkel\\system\\Session\\Handlers\\FileHandler.php', 73)
 2 SYSTEMPATH\Session\Handlers\FileHandler.php(73): ini_set('session.save_path', 'C:\\laragon\\www\\gis_bengkel\\writable\\session')
 3 SYSTEMPATH\Config\Services.php(702): CodeIgniter\Session\Handlers\FileHandler->__construct(Object(Config\Session), '::1')
 4 SYSTEMPATH\Config\BaseService.php(325): CodeIgniter\Config\Services::session(Object(Config\Session), false)
 5 SYSTEMPATH\Config\BaseService.php(264): CodeIgniter\Config\BaseService::__callStatic('session', [...])
 6 SYSTEMPATH\Config\Services.php(668): CodeIgniter\Config\BaseService::getSharedInstance('session', null)
 7 SYSTEMPATH\Config\BaseService.php(334): CodeIgniter\Config\Services::session()
 8 SYSTEMPATH\Config\BaseService.php(203): CodeIgniter\Config\BaseService::__callStatic('session', [])
 9 SYSTEMPATH\Common.php(1078): CodeIgniter\Config\BaseService::get('session')
10 SYSTEMPATH\Common.php(1051): service('session')
11 SYSTEMPATH\CodeIgniter.php(1082): session()
12 SYSTEMPATH\CodeIgniter.php(537): CodeIgniter\CodeIgniter->storePreviousURL(Object(CodeIgniter\HTTP\SiteURI))
13 SYSTEMPATH\CodeIgniter.php(340): CodeIgniter\CodeIgniter->handleRequest(null, Object(Config\Cache), false)
14 SYSTEMPATH\Boot.php(417): CodeIgniter\CodeIgniter->run()
15 SYSTEMPATH\Boot.php(68): CodeIgniter\Boot::runCodeIgniter(Object(CodeIgniter\CodeIgniter))
16 FCPATH\index.php(59): CodeIgniter\Boot::bootWeb(Object(Config\Paths))
WARNING - 2026-06-20 03:25:01 --> [DEPRECATED] Creation of dynamic property App\Controllers\Bengkel::$ModelWilayah is deprecated in APPPATH\Controllers\Bengkel.php on line 15.
 1 SYSTEMPATH\CodeIgniter.php(921): App\Controllers\Bengkel->__construct()
 2 SYSTEMPATH\CodeIgniter.php(488): CodeIgniter\CodeIgniter->createController()
 3 SYSTEMPATH\CodeIgniter.php(340): CodeIgniter\CodeIgniter->handleRequest(null, Object(Config\Cache), false)
 4 SYSTEMPATH\Boot.php(417): CodeIgniter\CodeIgniter->run()
 5 SYSTEMPATH\Boot.php(68): CodeIgniter\Boot::runCodeIgniter(Object(CodeIgniter\CodeIgniter))
 6 FCPATH\index.php(59): CodeIgniter\Boot::bootWeb(Object(Config\Paths))
WARNING - 2026-06-20 03:25:01 --> [DEPRECATED] Creation of dynamic property App\Controllers\Bengkel::$ModelSetting is deprecated in APPPATH\Controllers\Bengkel.php on line 16.
 1 SYSTEMPATH\CodeIgniter.php(921): App\Controllers\Bengkel->__construct()
 2 SYSTEMPATH\CodeIgniter.php(488): CodeIgniter\CodeIgniter->createController()
 3 SYSTEMPATH\CodeIgniter.php(340): CodeIgniter\CodeIgniter->handleRequest(null, Object(Config\Cache), false)
 4 SYSTEMPATH\Boot.php(417): CodeIgniter\CodeIgniter->run()
 5 SYSTEMPATH\Boot.php(68): CodeIgniter\Boot::runCodeIgniter(Object(CodeIgniter\CodeIgniter))
 6 FCPATH\index.php(59): CodeIgniter\Boot::bootWeb(Object(Config\Paths))
WARNING - 2026-06-20 03:25:01 --> [DEPRECATED] Creation of dynamic property App\Controllers\Bengkel::$ModelBengkel is deprecated in APPPATH\Controllers\Bengkel.php on line 17.
 1 SYSTEMPATH\CodeIgniter.php(921): App\Controllers\Bengkel->__construct()
 2 SYSTEMPATH\CodeIgniter.php(488): CodeIgniter\CodeIgniter->createController()
 3 SYSTEMPATH\CodeIgniter.php(340): CodeIgniter\CodeIgniter->handleRequest(null, Object(Config\Cache), false)
 4 SYSTEMPATH\Boot.php(417): CodeIgniter\CodeIgniter->run()
 5 SYSTEMPATH\Boot.php(68): CodeIgniter\Boot::runCodeIgniter(Object(CodeIgniter\CodeIgniter))
 6 FCPATH\index.php(59): CodeIgniter\Boot::bootWeb(Object(Config\Paths))
WARNING - 2026-06-20 03:25:01 --> [DEPRECATED] Creation of dynamic property App\Controllers\Bengkel::$ModelKategori is deprecated in APPPATH\Controllers\Bengkel.php on line 18.
 1 SYSTEMPATH\CodeIgniter.php(921): App\Controllers\Bengkel->__construct()
 2 SYSTEMPATH\CodeIgniter.php(488): CodeIgniter\CodeIgniter->createController()
 3 SYSTEMPATH\CodeIgniter.php(340): CodeIgniter\CodeIgniter->handleRequest(null, Object(Config\Cache), false)
 4 SYSTEMPATH\Boot.php(417): CodeIgniter\CodeIgniter->run()
 5 SYSTEMPATH\Boot.php(68): CodeIgniter\Boot::runCodeIgniter(Object(CodeIgniter\CodeIgniter))
 6 FCPATH\index.php(59): CodeIgniter\Boot::bootWeb(Object(Config\Paths))
DEBUG - 2026-06-20 03:25:01 --> Session: Class initialized using 'CodeIgniter\Session\Handlers\FileHandler' driver.
WARNING - 2026-06-20 03:25:04 --> [DEPRECATED] Creation of dynamic property App\Controllers\Admin::$ModelSetting is deprecated in APPPATH\Controllers\Admin.php on line 11.
 1 SYSTEMPATH\CodeIgniter.php(921): App\Controllers\Admin->__construct()
 2 SYSTEMPATH\CodeIgniter.php(488): CodeIgniter\CodeIgniter->createController()
 3 SYSTEMPATH\CodeIgniter.php(340): CodeIgniter\CodeIgniter->handleRequest(null, Object(Config\Cache), false)
 4 SYSTEMPATH\Boot.php(417): CodeIgniter\CodeIgniter->run()
 5 SYSTEMPATH\Boot.php(68): CodeIgniter\Boot::runCodeIgniter(Object(CodeIgniter\CodeIgniter))
 6 FCPATH\index.php(59): CodeIgniter\Boot::bootWeb(Object(Config\Paths))
CRITICAL - 2026-06-20 03:25:04 --> ErrorException: ini_set(): Session ini settings cannot be changed when a session is active (started from C:\laragon\www\gis_bengkel\app\Views\v_dashboard.php on line 8)
[Method: GET, Route: Admin]
in SYSTEMPATH\Session\Handlers\FileHandler.php on line 73.
 1 [internal function]: CodeIgniter\Debug\Exceptions->errorHandler(2, 'ini_set(): Session ini settings cannot be changed when a session is active (started from C:\\laragon\\www\\gis_bengkel\\app\\Views\\v_dashboard.php on line 8)', 'C:\\laragon\\www\\gis_bengkel\\system\\Session\\Handlers\\FileHandler.php', 73)
 2 SYSTEMPATH\Session\Handlers\FileHandler.php(73): ini_set('session.save_path', 'C:\\laragon\\www\\gis_bengkel\\writable\\session')
 3 SYSTEMPATH\Config\Services.php(702): CodeIgniter\Session\Handlers\FileHandler->__construct(Object(Config\Session), '::1')
 4 SYSTEMPATH\Config\BaseService.php(325): CodeIgniter\Config\Services::session(Object(Config\Session), false)
 5 SYSTEMPATH\Config\BaseService.php(264): CodeIgniter\Config\BaseService::__callStatic('session', [...])
 6 SYSTEMPATH\Config\Services.php(668): CodeIgniter\Config\BaseService::getSharedInstance('session', null)
 7 SYSTEMPATH\Config\BaseService.php(334): CodeIgniter\Config\Services::session()
 8 SYSTEMPATH\Config\BaseService.php(203): CodeIgniter\Config\BaseService::__callStatic('session', [])
 9 SYSTEMPATH\Common.php(1078): CodeIgniter\Config\BaseService::get('session')
10 SYSTEMPATH\Common.php(1051): service('session')
11 SYSTEMPATH\CodeIgniter.php(1082): session()
12 SYSTEMPATH\CodeIgniter.php(537): CodeIgniter\CodeIgniter->storePreviousURL(Object(CodeIgniter\HTTP\SiteURI))
13 SYSTEMPATH\CodeIgniter.php(340): CodeIgniter\CodeIgniter->handleRequest(null, Object(Config\Cache), false)
14 SYSTEMPATH\Boot.php(417): CodeIgniter\CodeIgniter->run()
15 SYSTEMPATH\Boot.php(68): CodeIgniter\Boot::runCodeIgniter(Object(CodeIgniter\CodeIgniter))
16 FCPATH\index.php(59): CodeIgniter\Boot::bootWeb(Object(Config\Paths))
WARNING - 2026-06-20 03:26:13 --> [DEPRECATED] Creation of dynamic property App\Controllers\Admin::$ModelSetting is deprecated in APPPATH\Controllers\Admin.php on line 11.
 1 SYSTEMPATH\CodeIgniter.php(921): App\Controllers\Admin->__construct()
 2 SYSTEMPATH\CodeIgniter.php(488): CodeIgniter\CodeIgniter->createController()
 3 SYSTEMPATH\CodeIgniter.php(340): CodeIgniter\CodeIgniter->handleRequest(null, Object(Config\Cache), false)
 4 SYSTEMPATH\Boot.php(417): CodeIgniter\CodeIgniter->run()
 5 SYSTEMPATH\Boot.php(68): CodeIgniter\Boot::runCodeIgniter(Object(CodeIgniter\CodeIgniter))
 6 FCPATH\index.php(59): CodeIgniter\Boot::bootWeb(Object(Config\Paths))
DEBUG - 2026-06-20 03:26:24 --> Session: Class initialized using 'CodeIgniter\Session\Handlers\FileHandler' driver.
WARNING - 2026-06-20 03:26:25 --> [DEPRECATED] Creation of dynamic property App\Controllers\Admin::$ModelSetting is deprecated in APPPATH\Controllers\Admin.php on line 11.
 1 SYSTEMPATH\CodeIgniter.php(921): App\Controllers\Admin->__construct()
 2 SYSTEMPATH\CodeIgniter.php(488): CodeIgniter\CodeIgniter->createController()
 3 SYSTEMPATH\CodeIgniter.php(340): CodeIgniter\CodeIgniter->handleRequest(null, Object(Config\Cache), false)
 4 SYSTEMPATH\Boot.php(417): CodeIgniter\CodeIgniter->run()
 5 SYSTEMPATH\Boot.php(68): CodeIgniter\Boot::runCodeIgniter(Object(CodeIgniter\CodeIgniter))
 6 FCPATH\index.php(59): CodeIgniter\Boot::bootWeb(Object(Config\Paths))
WARNING - 2026-06-20 03:31:22 --> [DEPRECATED] Creation of dynamic property App\Controllers\Admin::$ModelSetting is deprecated in APPPATH\Controllers\Admin.php on line 11.
 1 SYSTEMPATH\CodeIgniter.php(921): App\Controllers\Admin->__construct()
 2 SYSTEMPATH\CodeIgniter.php(488): CodeIgniter\CodeIgniter->createController()
 3 SYSTEMPATH\CodeIgniter.php(340): CodeIgniter\CodeIgniter->handleRequest(null, Object(Config\Cache), false)
 4 SYSTEMPATH\Boot.php(417): CodeIgniter\CodeIgniter->run()
 5 SYSTEMPATH\Boot.php(68): CodeIgniter\Boot::runCodeIgniter(Object(CodeIgniter\CodeIgniter))
 6 FCPATH\index.php(59): CodeIgniter\Boot::bootWeb(Object(Config\Paths))
WARNING - 2026-06-20 03:31:34 --> [DEPRECATED] Creation of dynamic property App\Controllers\Admin::$ModelSetting is deprecated in APPPATH\Controllers\Admin.php on line 11.
 1 SYSTEMPATH\CodeIgniter.php(921): App\Controllers\Admin->__construct()
 2 SYSTEMPATH\CodeIgniter.php(488): CodeIgniter\CodeIgniter->createController()
 3 SYSTEMPATH\CodeIgniter.php(340): CodeIgniter\CodeIgniter->handleRequest(null, Object(Config\Cache), false)
 4 SYSTEMPATH\Boot.php(417): CodeIgniter\CodeIgniter->run()
 5 SYSTEMPATH\Boot.php(68): CodeIgniter\Boot::runCodeIgniter(Object(CodeIgniter\CodeIgniter))
 6 FCPATH\index.php(59): CodeIgniter\Boot::bootWeb(Object(Config\Paths))
WARNING - 2026-06-20 03:31:50 --> [DEPRECATED] Creation of dynamic property App\Controllers\Admin::$ModelSetting is deprecated in APPPATH\Controllers\Admin.php on line 11.
 1 SYSTEMPATH\CodeIgniter.php(921): App\Controllers\Admin->__construct()
 2 SYSTEMPATH\CodeIgniter.php(488): CodeIgniter\CodeIgniter->createController()
 3 SYSTEMPATH\CodeIgniter.php(340): CodeIgniter\CodeIgniter->handleRequest(null, Object(Config\Cache), false)
 4 SYSTEMPATH\Boot.php(417): CodeIgniter\CodeIgniter->run()
 5 SYSTEMPATH\Boot.php(68): CodeIgniter\Boot::runCodeIgniter(Object(CodeIgniter\CodeIgniter))
 6 FCPATH\index.php(59): CodeIgniter\Boot::bootWeb(Object(Config\Paths))
WARNING - 2026-06-20 04:14:59 --> [DEPRECATED] Creation of dynamic property App\Controllers\Admin::$ModelSetting is deprecated in APPPATH\Controllers\Admin.php on line 11.
 1 SYSTEMPATH\CodeIgniter.php(921): App\Controllers\Admin->__construct()
 2 SYSTEMPATH\CodeIgniter.php(488): CodeIgniter\CodeIgniter->createController()
 3 SYSTEMPATH\CodeIgniter.php(340): CodeIgniter\CodeIgniter->handleRequest(null, Object(Config\Cache), false)
 4 SYSTEMPATH\Boot.php(417): CodeIgniter\CodeIgniter->run()
 5 SYSTEMPATH\Boot.php(68): CodeIgniter\Boot::runCodeIgniter(Object(CodeIgniter\CodeIgniter))
 6 FCPATH\index.php(59): CodeIgniter\Boot::bootWeb(Object(Config\Paths))
WARNING - 2026-06-20 04:15:00 --> [DEPRECATED] Creation of dynamic property App\Controllers\Wilayah::$ModelWilayah is deprecated in APPPATH\Controllers\Wilayah.php on line 13.
 1 SYSTEMPATH\CodeIgniter.php(921): App\Controllers\Wilayah->__construct()
 2 SYSTEMPATH\CodeIgniter.php(488): CodeIgniter\CodeIgniter->createController()
 3 SYSTEMPATH\CodeIgniter.php(340): CodeIgniter\CodeIgniter->handleRequest(null, Object(Config\Cache), false)
 4 SYSTEMPATH\Boot.php(417): CodeIgniter\CodeIgniter->run()
 5 SYSTEMPATH\Boot.php(68): CodeIgniter\Boot::runCodeIgniter(Object(CodeIgniter\CodeIgniter))
 6 FCPATH\index.php(59): CodeIgniter\Boot::bootWeb(Object(Config\Paths))
WARNING - 2026-06-20 04:15:00 --> [DEPRECATED] Creation of dynamic property App\Controllers\Wilayah::$ModelSetting is deprecated in APPPATH\Controllers\Wilayah.php on line 14.
 1 SYSTEMPATH\CodeIgniter.php(921): App\Controllers\Wilayah->__construct()
 2 SYSTEMPATH\CodeIgniter.php(488): CodeIgniter\CodeIgniter->createController()
 3 SYSTEMPATH\CodeIgniter.php(340): CodeIgniter\CodeIgniter->handleRequest(null, Object(Config\Cache), false)
 4 SYSTEMPATH\Boot.php(417): CodeIgniter\CodeIgniter->run()
 5 SYSTEMPATH\Boot.php(68): CodeIgniter\Boot::runCodeIgniter(Object(CodeIgniter\CodeIgniter))
 6 FCPATH\index.php(59): CodeIgniter\Boot::bootWeb(Object(Config\Paths))
DEBUG - 2026-06-20 04:15:00 --> Session: Class initialized using 'CodeIgniter\Session\Handlers\FileHandler' driver.
WARNING - 2026-06-20 04:16:49 --> [DEPRECATED] Creation of dynamic property App\Controllers\Admin::$ModelSetting is deprecated in APPPATH\Controllers\Admin.php on line 11.
 1 SYSTEMPATH\CodeIgniter.php(921): App\Controllers\Admin->__construct()
 2 SYSTEMPATH\CodeIgniter.php(488): CodeIgniter\CodeIgniter->createController()
 3 SYSTEMPATH\CodeIgniter.php(340): CodeIgniter\CodeIgniter->handleRequest(null, Object(Config\Cache), false)
 4 SYSTEMPATH\Boot.php(417): CodeIgniter\CodeIgniter->run()
 5 SYSTEMPATH\Boot.php(68): CodeIgniter\Boot::runCodeIgniter(Object(CodeIgniter\CodeIgniter))
 6 FCPATH\index.php(59): CodeIgniter\Boot::bootWeb(Object(Config\Paths))
WARNING - 2026-06-20 04:18:05 --> [DEPRECATED] Creation of dynamic property App\Controllers\Admin::$ModelSetting is deprecated in APPPATH\Controllers\Admin.php on line 11.
 1 SYSTEMPATH\CodeIgniter.php(921): App\Controllers\Admin->__construct()
 2 SYSTEMPATH\CodeIgniter.php(488): CodeIgniter\CodeIgniter->createController()
 3 SYSTEMPATH\CodeIgniter.php(340): CodeIgniter\CodeIgniter->handleRequest(null, Object(Config\Cache), false)
 4 SYSTEMPATH\Boot.php(417): CodeIgniter\CodeIgniter->run()
 5 SYSTEMPATH\Boot.php(68): CodeIgniter\Boot::runCodeIgniter(Object(CodeIgniter\CodeIgniter))
 6 FCPATH\index.php(59): CodeIgniter\Boot::bootWeb(Object(Config\Paths))
WARNING - 2026-06-20 04:18:24 --> [DEPRECATED] Creation of dynamic property App\Controllers\Wilayah::$ModelWilayah is deprecated in APPPATH\Controllers\Wilayah.php on line 13.
 1 SYSTEMPATH\CodeIgniter.php(921): App\Controllers\Wilayah->__construct()
 2 SYSTEMPATH\CodeIgniter.php(488): CodeIgniter\CodeIgniter->createController()
 3 SYSTEMPATH\CodeIgniter.php(340): CodeIgniter\CodeIgniter->handleRequest(null, Object(Config\Cache), false)
 4 SYSTEMPATH\Boot.php(417): CodeIgniter\CodeIgniter->run()
 5 SYSTEMPATH\Boot.php(68): CodeIgniter\Boot::runCodeIgniter(Object(CodeIgniter\CodeIgniter))
 6 FCPATH\index.php(59): CodeIgniter\Boot::bootWeb(Object(Config\Paths))
WARNING - 2026-06-20 04:18:24 --> [DEPRECATED] Creation of dynamic property App\Controllers\Wilayah::$ModelSetting is deprecated in APPPATH\Controllers\Wilayah.php on line 14.
 1 SYSTEMPATH\CodeIgniter.php(921): App\Controllers\Wilayah->__construct()
 2 SYSTEMPATH\CodeIgniter.php(488): CodeIgniter\CodeIgniter->createController()
 3 SYSTEMPATH\CodeIgniter.php(340): CodeIgniter\CodeIgniter->handleRequest(null, Object(Config\Cache), false)
 4 SYSTEMPATH\Boot.php(417): CodeIgniter\CodeIgniter->run()
 5 SYSTEMPATH\Boot.php(68): CodeIgniter\Boot::runCodeIgniter(Object(CodeIgniter\CodeIgniter))
 6 FCPATH\index.php(59): CodeIgniter\Boot::bootWeb(Object(Config\Paths))
DEBUG - 2026-06-20 04:18:24 --> Session: Class initialized using 'CodeIgniter\Session\Handlers\FileHandler' driver.
DEBUG - 2026-06-20 04:18:24 --> Session: Class initialized using 'CodeIgniter\Session\Handlers\FileHandler' driver.
WARNING - 2026-06-20 04:18:25 --> [DEPRECATED] Creation of dynamic property App\Controllers\Admin::$ModelSetting is deprecated in APPPATH\Controllers\Admin.php on line 11.
 1 SYSTEMPATH\CodeIgniter.php(921): App\Controllers\Admin->__construct()
 2 SYSTEMPATH\CodeIgniter.php(488): CodeIgniter\CodeIgniter->createController()
 3 SYSTEMPATH\CodeIgniter.php(340): CodeIgniter\CodeIgniter->handleRequest(null, Object(Config\Cache), false)
 4 SYSTEMPATH\Boot.php(417): CodeIgniter\CodeIgniter->run()
 5 SYSTEMPATH\Boot.php(68): CodeIgniter\Boot::runCodeIgniter(Object(CodeIgniter\CodeIgniter))
 6 FCPATH\index.php(59): CodeIgniter\Boot::bootWeb(Object(Config\Paths))
WARNING - 2026-06-20 04:19:15 --> [DEPRECATED] Creation of dynamic property App\Controllers\Admin::$ModelSetting is deprecated in APPPATH\Controllers\Admin.php on line 11.
 1 SYSTEMPATH\CodeIgniter.php(921): App\Controllers\Admin->__construct()
 2 SYSTEMPATH\CodeIgniter.php(488): CodeIgniter\CodeIgniter->createController()
 3 SYSTEMPATH\CodeIgniter.php(340): CodeIgniter\CodeIgniter->handleRequest(null, Object(Config\Cache), false)
 4 SYSTEMPATH\Boot.php(417): CodeIgniter\CodeIgniter->run()
 5 SYSTEMPATH\Boot.php(68): CodeIgniter\Boot::runCodeIgniter(Object(CodeIgniter\CodeIgniter))
 6 FCPATH\index.php(59): CodeIgniter\Boot::bootWeb(Object(Config\Paths))
WARNING - 2026-06-20 04:20:11 --> [DEPRECATED] Creation of dynamic property App\Controllers\Admin::$ModelSetting is deprecated in APPPATH\Controllers\Admin.php on line 11.
 1 SYSTEMPATH\CodeIgniter.php(921): App\Controllers\Admin->__construct()
 2 SYSTEMPATH\CodeIgniter.php(488): CodeIgniter\CodeIgniter->createController()
 3 SYSTEMPATH\CodeIgniter.php(340): CodeIgniter\CodeIgniter->handleRequest(null, Object(Config\Cache), false)
 4 SYSTEMPATH\Boot.php(417): CodeIgniter\CodeIgniter->run()
 5 SYSTEMPATH\Boot.php(68): CodeIgniter\Boot::runCodeIgniter(Object(CodeIgniter\CodeIgniter))
 6 FCPATH\index.php(59): CodeIgniter\Boot::bootWeb(Object(Config\Paths))
WARNING - 2026-06-20 04:21:14 --> [DEPRECATED] Creation of dynamic property App\Controllers\Admin::$ModelSetting is deprecated in APPPATH\Controllers\Admin.php on line 11.
 1 SYSTEMPATH\CodeIgniter.php(921): App\Controllers\Admin->__construct()
 2 SYSTEMPATH\CodeIgniter.php(488): CodeIgniter\CodeIgniter->createController()
 3 SYSTEMPATH\CodeIgniter.php(340): CodeIgniter\CodeIgniter->handleRequest(null, Object(Config\Cache), false)
 4 SYSTEMPATH\Boot.php(417): CodeIgniter\CodeIgniter->run()
 5 SYSTEMPATH\Boot.php(68): CodeIgniter\Boot::runCodeIgniter(Object(CodeIgniter\CodeIgniter))
 6 FCPATH\index.php(59): CodeIgniter\Boot::bootWeb(Object(Config\Paths))
WARNING - 2026-06-20 04:24:42 --> [DEPRECATED] Creation of dynamic property App\Controllers\Admin::$ModelSetting is deprecated in APPPATH\Controllers\Admin.php on line 11.
 1 SYSTEMPATH\CodeIgniter.php(921): App\Controllers\Admin->__construct()
 2 SYSTEMPATH\CodeIgniter.php(488): CodeIgniter\CodeIgniter->createController()
 3 SYSTEMPATH\CodeIgniter.php(340): CodeIgniter\CodeIgniter->handleRequest(null, Object(Config\Cache), false)
 4 SYSTEMPATH\Boot.php(417): CodeIgniter\CodeIgniter->run()
 5 SYSTEMPATH\Boot.php(68): CodeIgniter\Boot::runCodeIgniter(Object(CodeIgniter\CodeIgniter))
 6 FCPATH\index.php(59): CodeIgniter\Boot::bootWeb(Object(Config\Paths))
CRITICAL - 2026-06-20 04:24:42 --> ErrorException: Undefined variable $total_wilayah
[Method: GET, Route: Admin]
in APPPATH\Views\v_dashboard.php on line 11.
 1 APPPATH\Views\v_dashboard.php(11): CodeIgniter\Debug\Exceptions->errorHandler(2, 'Undefined variable $total_wilayah', 'C:\\laragon\\www\\gis_bengkel\\app\\Views\\v_dashboard.php', 11)
 2 SYSTEMPATH\View\View.php(240): include('C:\\laragon\\www\\gis_bengkel\\app\\Views\\v_dashboard.php')
 3 SYSTEMPATH\View\View.php(243): CodeIgniter\View\View->{closure:CodeIgniter\View\View::render():237}()
 4 SYSTEMPATH\Common.php(1250): CodeIgniter\View\View->render('v_dashboard', [], true)
 5 APPPATH\Views\v_template_back_end.php(220): view('v_dashboard')
 6 SYSTEMPATH\View\View.php(240): include('C:\\laragon\\www\\gis_bengkel\\app\\Views\\v_template_back_end.php')
 7 SYSTEMPATH\View\View.php(243): CodeIgniter\View\View->{closure:CodeIgniter\View\View::render():237}()
 8 SYSTEMPATH\Common.php(1250): CodeIgniter\View\View->render('v_template_back_end', [], true)
 9 APPPATH\Controllers\Admin.php(21): view('v_template_back_end', [...])
10 SYSTEMPATH\CodeIgniter.php(951): App\Controllers\Admin->index()
11 SYSTEMPATH\CodeIgniter.php(497): CodeIgniter\CodeIgniter->runController(Object(App\Controllers\Admin))
12 SYSTEMPATH\CodeIgniter.php(340): CodeIgniter\CodeIgniter->handleRequest(null, Object(Config\Cache), false)
13 SYSTEMPATH\Boot.php(417): CodeIgniter\CodeIgniter->run()
14 SYSTEMPATH\Boot.php(68): CodeIgniter\Boot::runCodeIgniter(Object(CodeIgniter\CodeIgniter))
15 FCPATH\index.php(59): CodeIgniter\Boot::bootWeb(Object(Config\Paths))
WARNING - 2026-06-20 04:25:23 --> [DEPRECATED] Creation of dynamic property App\Controllers\Admin::$ModelSetting is deprecated in APPPATH\Controllers\Admin.php on line 11.
 1 SYSTEMPATH\CodeIgniter.php(921): App\Controllers\Admin->__construct()
 2 SYSTEMPATH\CodeIgniter.php(488): CodeIgniter\CodeIgniter->createController()
 3 SYSTEMPATH\CodeIgniter.php(340): CodeIgniter\CodeIgniter->handleRequest(null, Object(Config\Cache), false)
 4 SYSTEMPATH\Boot.php(417): CodeIgniter\CodeIgniter->run()
 5 SYSTEMPATH\Boot.php(68): CodeIgniter\Boot::runCodeIgniter(Object(CodeIgniter\CodeIgniter))
 6 FCPATH\index.php(59): CodeIgniter\Boot::bootWeb(Object(Config\Paths))
WARNING - 2026-06-20 04:25:34 --> [DEPRECATED] Creation of dynamic property App\Controllers\Bengkel::$ModelWilayah is deprecated in APPPATH\Controllers\Bengkel.php on line 15.
 1 SYSTEMPATH\CodeIgniter.php(921): App\Controllers\Bengkel->__construct()
 2 SYSTEMPATH\CodeIgniter.php(488): CodeIgniter\CodeIgniter->createController()
 3 SYSTEMPATH\CodeIgniter.php(340): CodeIgniter\CodeIgniter->handleRequest(null, Object(Config\Cache), false)
 4 SYSTEMPATH\Boot.php(417): CodeIgniter\CodeIgniter->run()
 5 SYSTEMPATH\Boot.php(68): CodeIgniter\Boot::runCodeIgniter(Object(CodeIgniter\CodeIgniter))
 6 FCPATH\index.php(59): CodeIgniter\Boot::bootWeb(Object(Config\Paths))
WARNING - 2026-06-20 04:25:34 --> [DEPRECATED] Creation of dynamic property App\Controllers\Bengkel::$ModelSetting is deprecated in APPPATH\Controllers\Bengkel.php on line 16.
 1 SYSTEMPATH\CodeIgniter.php(921): App\Controllers\Bengkel->__construct()
 2 SYSTEMPATH\CodeIgniter.php(488): CodeIgniter\CodeIgniter->createController()
 3 SYSTEMPATH\CodeIgniter.php(340): CodeIgniter\CodeIgniter->handleRequest(null, Object(Config\Cache), false)
 4 SYSTEMPATH\Boot.php(417): CodeIgniter\CodeIgniter->run()
 5 SYSTEMPATH\Boot.php(68): CodeIgniter\Boot::runCodeIgniter(Object(CodeIgniter\CodeIgniter))
 6 FCPATH\index.php(59): CodeIgniter\Boot::bootWeb(Object(Config\Paths))
WARNING - 2026-06-20 04:25:34 --> [DEPRECATED] Creation of dynamic property App\Controllers\Bengkel::$ModelBengkel is deprecated in APPPATH\Controllers\Bengkel.php on line 17.
 1 SYSTEMPATH\CodeIgniter.php(921): App\Controllers\Bengkel->__construct()
 2 SYSTEMPATH\CodeIgniter.php(488): CodeIgniter\CodeIgniter->createController()
 3 SYSTEMPATH\CodeIgniter.php(340): CodeIgniter\CodeIgniter->handleRequest(null, Object(Config\Cache), false)
 4 SYSTEMPATH\Boot.php(417): CodeIgniter\CodeIgniter->run()
 5 SYSTEMPATH\Boot.php(68): CodeIgniter\Boot::runCodeIgniter(Object(CodeIgniter\CodeIgniter))
 6 FCPATH\index.php(59): CodeIgniter\Boot::bootWeb(Object(Config\Paths))
WARNING - 2026-06-20 04:25:34 --> [DEPRECATED] Creation of dynamic property App\Controllers\Bengkel::$ModelKategori is deprecated in APPPATH\Controllers\Bengkel.php on line 18.
 1 SYSTEMPATH\CodeIgniter.php(921): App\Controllers\Bengkel->__construct()
 2 SYSTEMPATH\CodeIgniter.php(488): CodeIgniter\CodeIgniter->createController()
 3 SYSTEMPATH\CodeIgniter.php(340): CodeIgniter\CodeIgniter->handleRequest(null, Object(Config\Cache), false)
 4 SYSTEMPATH\Boot.php(417): CodeIgniter\CodeIgniter->run()
 5 SYSTEMPATH\Boot.php(68): CodeIgniter\Boot::runCodeIgniter(Object(CodeIgniter\CodeIgniter))
 6 FCPATH\index.php(59): CodeIgniter\Boot::bootWeb(Object(Config\Paths))
DEBUG - 2026-06-20 04:25:34 --> Session: Class initialized using 'CodeIgniter\Session\Handlers\FileHandler' driver.
WARNING - 2026-06-20 04:25:36 --> [DEPRECATED] Creation of dynamic property App\Controllers\Admin::$ModelSetting is deprecated in APPPATH\Controllers\Admin.php on line 11.
 1 SYSTEMPATH\CodeIgniter.php(921): App\Controllers\Admin->__construct()
 2 SYSTEMPATH\CodeIgniter.php(488): CodeIgniter\CodeIgniter->createController()
 3 SYSTEMPATH\CodeIgniter.php(340): CodeIgniter\CodeIgniter->handleRequest(null, Object(Config\Cache), false)
 4 SYSTEMPATH\Boot.php(417): CodeIgniter\CodeIgniter->run()
 5 SYSTEMPATH\Boot.php(68): CodeIgniter\Boot::runCodeIgniter(Object(CodeIgniter\CodeIgniter))
 6 FCPATH\index.php(59): CodeIgniter\Boot::bootWeb(Object(Config\Paths))
WARNING - 2026-06-20 04:27:35 --> [DEPRECATED] Creation of dynamic property App\Controllers\Wilayah::$ModelWilayah is deprecated in APPPATH\Controllers\Wilayah.php on line 13.
 1 SYSTEMPATH\CodeIgniter.php(921): App\Controllers\Wilayah->__construct()
 2 SYSTEMPATH\CodeIgniter.php(488): CodeIgniter\CodeIgniter->createController()
 3 SYSTEMPATH\CodeIgniter.php(340): CodeIgniter\CodeIgniter->handleRequest(null, Object(Config\Cache), false)
 4 SYSTEMPATH\Boot.php(417): CodeIgniter\CodeIgniter->run()
 5 SYSTEMPATH\Boot.php(68): CodeIgniter\Boot::runCodeIgniter(Object(CodeIgniter\CodeIgniter))
 6 FCPATH\index.php(59): CodeIgniter\Boot::bootWeb(Object(Config\Paths))
WARNING - 2026-06-20 04:27:35 --> [DEPRECATED] Creation of dynamic property App\Controllers\Wilayah::$ModelSetting is deprecated in APPPATH\Controllers\Wilayah.php on line 14.
 1 SYSTEMPATH\CodeIgniter.php(921): App\Controllers\Wilayah->__construct()
 2 SYSTEMPATH\CodeIgniter.php(488): CodeIgniter\CodeIgniter->createController()
 3 SYSTEMPATH\CodeIgniter.php(340): CodeIgniter\CodeIgniter->handleRequest(null, Object(Config\Cache), false)
 4 SYSTEMPATH\Boot.php(417): CodeIgniter\CodeIgniter->run()
 5 SYSTEMPATH\Boot.php(68): CodeIgniter\Boot::runCodeIgniter(Object(CodeIgniter\CodeIgniter))
 6 FCPATH\index.php(59): CodeIgniter\Boot::bootWeb(Object(Config\Paths))
DEBUG - 2026-06-20 04:27:35 --> Session: Class initialized using 'CodeIgniter\Session\Handlers\FileHandler' driver.
DEBUG - 2026-06-20 04:27:36 --> Session: Class initialized using 'CodeIgniter\Session\Handlers\FileHandler' driver.
WARNING - 2026-06-20 04:27:38 --> [DEPRECATED] Creation of dynamic property App\Controllers\Bengkel::$ModelWilayah is deprecated in APPPATH\Controllers\Bengkel.php on line 15.
 1 SYSTEMPATH\CodeIgniter.php(921): App\Controllers\Bengkel->__construct()
 2 SYSTEMPATH\CodeIgniter.php(488): CodeIgniter\CodeIgniter->createController()
 3 SYSTEMPATH\CodeIgniter.php(340): CodeIgniter\CodeIgniter->handleRequest(null, Object(Config\Cache), false)
 4 SYSTEMPATH\Boot.php(417): CodeIgniter\CodeIgniter->run()
 5 SYSTEMPATH\Boot.php(68): CodeIgniter\Boot::runCodeIgniter(Object(CodeIgniter\CodeIgniter))
 6 FCPATH\index.php(59): CodeIgniter\Boot::bootWeb(Object(Config\Paths))
WARNING - 2026-06-20 04:27:38 --> [DEPRECATED] Creation of dynamic property App\Controllers\Bengkel::$ModelSetting is deprecated in APPPATH\Controllers\Bengkel.php on line 16.
 1 SYSTEMPATH\CodeIgniter.php(921): App\Controllers\Bengkel->__construct()
 2 SYSTEMPATH\CodeIgniter.php(488): CodeIgniter\CodeIgniter->createController()
 3 SYSTEMPATH\CodeIgniter.php(340): CodeIgniter\CodeIgniter->handleRequest(null, Object(Config\Cache), false)
 4 SYSTEMPATH\Boot.php(417): CodeIgniter\CodeIgniter->run()
 5 SYSTEMPATH\Boot.php(68): CodeIgniter\Boot::runCodeIgniter(Object(CodeIgniter\CodeIgniter))
 6 FCPATH\index.php(59): CodeIgniter\Boot::bootWeb(Object(Config\Paths))
WARNING - 2026-06-20 04:27:38 --> [DEPRECATED] Creation of dynamic property App\Controllers\Bengkel::$ModelBengkel is deprecated in APPPATH\Controllers\Bengkel.php on line 17.
 1 SYSTEMPATH\CodeIgniter.php(921): App\Controllers\Bengkel->__construct()
 2 SYSTEMPATH\CodeIgniter.php(488): CodeIgniter\CodeIgniter->createController()
 3 SYSTEMPATH\CodeIgniter.php(340): CodeIgniter\CodeIgniter->handleRequest(null, Object(Config\Cache), false)
 4 SYSTEMPATH\Boot.php(417): CodeIgniter\CodeIgniter->run()
 5 SYSTEMPATH\Boot.php(68): CodeIgniter\Boot::runCodeIgniter(Object(CodeIgniter\CodeIgniter))
 6 FCPATH\index.php(59): CodeIgniter\Boot::bootWeb(Object(Config\Paths))
WARNING - 2026-06-20 04:27:38 --> [DEPRECATED] Creation of dynamic property App\Controllers\Bengkel::$ModelKategori is deprecated in APPPATH\Controllers\Bengkel.php on line 18.
 1 SYSTEMPATH\CodeIgniter.php(921): App\Controllers\Bengkel->__construct()
 2 SYSTEMPATH\CodeIgniter.php(488): CodeIgniter\CodeIgniter->createController()
 3 SYSTEMPATH\CodeIgniter.php(340): CodeIgniter\CodeIgniter->handleRequest(null, Object(Config\Cache), false)
 4 SYSTEMPATH\Boot.php(417): CodeIgniter\CodeIgniter->run()
 5 SYSTEMPATH\Boot.php(68): CodeIgniter\Boot::runCodeIgniter(Object(CodeIgniter\CodeIgniter))
 6 FCPATH\index.php(59): CodeIgniter\Boot::bootWeb(Object(Config\Paths))
DEBUG - 2026-06-20 04:27:38 --> Session: Class initialized using 'CodeIgniter\Session\Handlers\FileHandler' driver.
WARNING - 2026-06-20 04:27:39 --> [DEPRECATED] Creation of dynamic property App\Controllers\User::$ModelUser is deprecated in APPPATH\Controllers\User.php on line 12.
 1 SYSTEMPATH\CodeIgniter.php(921): App\Controllers\User->__construct()
 2 SYSTEMPATH\CodeIgniter.php(488): CodeIgniter\CodeIgniter->createController()
 3 SYSTEMPATH\CodeIgniter.php(340): CodeIgniter\CodeIgniter->handleRequest(null, Object(Config\Cache), false)
 4 SYSTEMPATH\Boot.php(417): CodeIgniter\CodeIgniter->run()
 5 SYSTEMPATH\Boot.php(68): CodeIgniter\Boot::runCodeIgniter(Object(CodeIgniter\CodeIgniter))
 6 FCPATH\index.php(59): CodeIgniter\Boot::bootWeb(Object(Config\Paths))
DEBUG - 2026-06-20 04:27:39 --> Session: Class initialized using 'CodeIgniter\Session\Handlers\FileHandler' driver.
WARNING - 2026-06-20 05:56:11 --> [DEPRECATED] Creation of dynamic property App\Controllers\Bengkel::$ModelWilayah is deprecated in APPPATH\Controllers\Bengkel.php on line 15.
 1 SYSTEMPATH\CodeIgniter.php(921): App\Controllers\Bengkel->__construct()
 2 SYSTEMPATH\CodeIgniter.php(488): CodeIgniter\CodeIgniter->createController()
 3 SYSTEMPATH\CodeIgniter.php(340): CodeIgniter\CodeIgniter->handleRequest(null, Object(Config\Cache), false)
 4 SYSTEMPATH\Boot.php(417): CodeIgniter\CodeIgniter->run()
 5 SYSTEMPATH\Boot.php(68): CodeIgniter\Boot::runCodeIgniter(Object(CodeIgniter\CodeIgniter))
 6 FCPATH\index.php(59): CodeIgniter\Boot::bootWeb(Object(Config\Paths))
WARNING - 2026-06-20 05:56:11 --> [DEPRECATED] Creation of dynamic property App\Controllers\Bengkel::$ModelSetting is deprecated in APPPATH\Controllers\Bengkel.php on line 16.
 1 SYSTEMPATH\CodeIgniter.php(921): App\Controllers\Bengkel->__construct()
 2 SYSTEMPATH\CodeIgniter.php(488): CodeIgniter\CodeIgniter->createController()
 3 SYSTEMPATH\CodeIgniter.php(340): CodeIgniter\CodeIgniter->handleRequest(null, Object(Config\Cache), false)
 4 SYSTEMPATH\Boot.php(417): CodeIgniter\CodeIgniter->run()
 5 SYSTEMPATH\Boot.php(68): CodeIgniter\Boot::runCodeIgniter(Object(CodeIgniter\CodeIgniter))
 6 FCPATH\index.php(59): CodeIgniter\Boot::bootWeb(Object(Config\Paths))
WARNING - 2026-06-20 05:56:11 --> [DEPRECATED] Creation of dynamic property App\Controllers\Bengkel::$ModelBengkel is deprecated in APPPATH\Controllers\Bengkel.php on line 17.
 1 SYSTEMPATH\CodeIgniter.php(921): App\Controllers\Bengkel->__construct()
 2 SYSTEMPATH\CodeIgniter.php(488): CodeIgniter\CodeIgniter->createController()
 3 SYSTEMPATH\CodeIgniter.php(340): CodeIgniter\CodeIgniter->handleRequest(null, Object(Config\Cache), false)
 4 SYSTEMPATH\Boot.php(417): CodeIgniter\CodeIgniter->run()
 5 SYSTEMPATH\Boot.php(68): CodeIgniter\Boot::runCodeIgniter(Object(CodeIgniter\CodeIgniter))
 6 FCPATH\index.php(59): CodeIgniter\Boot::bootWeb(Object(Config\Paths))
WARNING - 2026-06-20 05:56:11 --> [DEPRECATED] Creation of dynamic property App\Controllers\Bengkel::$ModelKategori is deprecated in APPPATH\Controllers\Bengkel.php on line 18.
 1 SYSTEMPATH\CodeIgniter.php(921): App\Controllers\Bengkel->__construct()
 2 SYSTEMPATH\CodeIgniter.php(488): CodeIgniter\CodeIgniter->createController()
 3 SYSTEMPATH\CodeIgniter.php(340): CodeIgniter\CodeIgniter->handleRequest(null, Object(Config\Cache), false)
 4 SYSTEMPATH\Boot.php(417): CodeIgniter\CodeIgniter->run()
 5 SYSTEMPATH\Boot.php(68): CodeIgniter\Boot::runCodeIgniter(Object(CodeIgniter\CodeIgniter))
 6 FCPATH\index.php(59): CodeIgniter\Boot::bootWeb(Object(Config\Paths))
DEBUG - 2026-06-20 05:56:11 --> Session: Class initialized using 'CodeIgniter\Session\Handlers\FileHandler' driver.
WARNING - 2026-06-20 05:56:13 --> [DEPRECATED] Creation of dynamic property App\Controllers\Admin::$ModelSetting is deprecated in APPPATH\Controllers\Admin.php on line 11.
 1 SYSTEMPATH\CodeIgniter.php(921): App\Controllers\Admin->__construct()
 2 SYSTEMPATH\CodeIgniter.php(488): CodeIgniter\CodeIgniter->createController()
 3 SYSTEMPATH\CodeIgniter.php(340): CodeIgniter\CodeIgniter->handleRequest(null, Object(Config\Cache), false)
 4 SYSTEMPATH\Boot.php(417): CodeIgniter\CodeIgniter->run()
 5 SYSTEMPATH\Boot.php(68): CodeIgniter\Boot::runCodeIgniter(Object(CodeIgniter\CodeIgniter))
 6 FCPATH\index.php(59): CodeIgniter\Boot::bootWeb(Object(Config\Paths))
WARNING - 2026-06-20 05:58:11 --> [DEPRECATED] Creation of dynamic property App\Controllers\Home::$ModelSetting is deprecated in APPPATH\Controllers\Home.php on line 12.
 1 SYSTEMPATH\CodeIgniter.php(921): App\Controllers\Home->__construct()
 2 SYSTEMPATH\CodeIgniter.php(488): CodeIgniter\CodeIgniter->createController()
 3 SYSTEMPATH\CodeIgniter.php(340): CodeIgniter\CodeIgniter->handleRequest(null, Object(Config\Cache), false)
 4 SYSTEMPATH\Boot.php(417): CodeIgniter\CodeIgniter->run()
 5 SYSTEMPATH\Boot.php(68): CodeIgniter\Boot::runCodeIgniter(Object(CodeIgniter\CodeIgniter))
 6 FCPATH\index.php(59): CodeIgniter\Boot::bootWeb(Object(Config\Paths))
WARNING - 2026-06-20 05:58:11 --> [DEPRECATED] Creation of dynamic property App\Controllers\Home::$ModelWilayah is deprecated in APPPATH\Controllers\Home.php on line 13.
 1 SYSTEMPATH\CodeIgniter.php(921): App\Controllers\Home->__construct()
 2 SYSTEMPATH\CodeIgniter.php(488): CodeIgniter\CodeIgniter->createController()
 3 SYSTEMPATH\CodeIgniter.php(340): CodeIgniter\CodeIgniter->handleRequest(null, Object(Config\Cache), false)
 4 SYSTEMPATH\Boot.php(417): CodeIgniter\CodeIgniter->run()
 5 SYSTEMPATH\Boot.php(68): CodeIgniter\Boot::runCodeIgniter(Object(CodeIgniter\CodeIgniter))
 6 FCPATH\index.php(59): CodeIgniter\Boot::bootWeb(Object(Config\Paths))
WARNING - 2026-06-20 06:00:46 --> [DEPRECATED] Creation of dynamic property App\Controllers\Home::$ModelSetting is deprecated in APPPATH\Controllers\Home.php on line 12.
 1 SYSTEMPATH\CodeIgniter.php(921): App\Controllers\Home->__construct()
 2 SYSTEMPATH\CodeIgniter.php(488): CodeIgniter\CodeIgniter->createController()
 3 SYSTEMPATH\CodeIgniter.php(340): CodeIgniter\CodeIgniter->handleRequest(null, Object(Config\Cache), false)
 4 SYSTEMPATH\Boot.php(417): CodeIgniter\CodeIgniter->run()
 5 SYSTEMPATH\Boot.php(68): CodeIgniter\Boot::runCodeIgniter(Object(CodeIgniter\CodeIgniter))
 6 FCPATH\index.php(59): CodeIgniter\Boot::bootWeb(Object(Config\Paths))
WARNING - 2026-06-20 06:00:46 --> [DEPRECATED] Creation of dynamic property App\Controllers\Home::$ModelWilayah is deprecated in APPPATH\Controllers\Home.php on line 13.
 1 SYSTEMPATH\CodeIgniter.php(921): App\Controllers\Home->__construct()
 2 SYSTEMPATH\CodeIgniter.php(488): CodeIgniter\CodeIgniter->createController()
 3 SYSTEMPATH\CodeIgniter.php(340): CodeIgniter\CodeIgniter->handleRequest(null, Object(Config\Cache), false)
 4 SYSTEMPATH\Boot.php(417): CodeIgniter\CodeIgniter->run()
 5 SYSTEMPATH\Boot.php(68): CodeIgniter\Boot::runCodeIgniter(Object(CodeIgniter\CodeIgniter))
 6 FCPATH\index.php(59): CodeIgniter\Boot::bootWeb(Object(Config\Paths))
WARNING - 2026-06-20 06:01:39 --> [DEPRECATED] Creation of dynamic property App\Controllers\Home::$ModelSetting is deprecated in APPPATH\Controllers\Home.php on line 12.
 1 SYSTEMPATH\CodeIgniter.php(921): App\Controllers\Home->__construct()
 2 SYSTEMPATH\CodeIgniter.php(488): CodeIgniter\CodeIgniter->createController()
 3 SYSTEMPATH\CodeIgniter.php(340): CodeIgniter\CodeIgniter->handleRequest(null, Object(Config\Cache), false)
 4 SYSTEMPATH\Boot.php(417): CodeIgniter\CodeIgniter->run()
 5 SYSTEMPATH\Boot.php(68): CodeIgniter\Boot::runCodeIgniter(Object(CodeIgniter\CodeIgniter))
 6 FCPATH\index.php(59): CodeIgniter\Boot::bootWeb(Object(Config\Paths))
WARNING - 2026-06-20 06:01:39 --> [DEPRECATED] Creation of dynamic property App\Controllers\Home::$ModelWilayah is deprecated in APPPATH\Controllers\Home.php on line 13.
 1 SYSTEMPATH\CodeIgniter.php(921): App\Controllers\Home->__construct()
 2 SYSTEMPATH\CodeIgniter.php(488): CodeIgniter\CodeIgniter->createController()
 3 SYSTEMPATH\CodeIgniter.php(340): CodeIgniter\CodeIgniter->handleRequest(null, Object(Config\Cache), false)
 4 SYSTEMPATH\Boot.php(417): CodeIgniter\CodeIgniter->run()
 5 SYSTEMPATH\Boot.php(68): CodeIgniter\Boot::runCodeIgniter(Object(CodeIgniter\CodeIgniter))
 6 FCPATH\index.php(59): CodeIgniter\Boot::bootWeb(Object(Config\Paths))
WARNING - 2026-06-20 06:02:46 --> [DEPRECATED] Creation of dynamic property App\Controllers\Home::$ModelSetting is deprecated in APPPATH\Controllers\Home.php on line 12.
 1 SYSTEMPATH\CodeIgniter.php(921): App\Controllers\Home->__construct()
 2 SYSTEMPATH\CodeIgniter.php(488): CodeIgniter\CodeIgniter->createController()
 3 SYSTEMPATH\CodeIgniter.php(340): CodeIgniter\CodeIgniter->handleRequest(null, Object(Config\Cache), false)
 4 SYSTEMPATH\Boot.php(417): CodeIgniter\CodeIgniter->run()
 5 SYSTEMPATH\Boot.php(68): CodeIgniter\Boot::runCodeIgniter(Object(CodeIgniter\CodeIgniter))
 6 FCPATH\index.php(59): CodeIgniter\Boot::bootWeb(Object(Config\Paths))
WARNING - 2026-06-20 06:02:46 --> [DEPRECATED] Creation of dynamic property App\Controllers\Home::$ModelWilayah is deprecated in APPPATH\Controllers\Home.php on line 13.
 1 SYSTEMPATH\CodeIgniter.php(921): App\Controllers\Home->__construct()
 2 SYSTEMPATH\CodeIgniter.php(488): CodeIgniter\CodeIgniter->createController()
 3 SYSTEMPATH\CodeIgniter.php(340): CodeIgniter\CodeIgniter->handleRequest(null, Object(Config\Cache), false)
 4 SYSTEMPATH\Boot.php(417): CodeIgniter\CodeIgniter->run()
 5 SYSTEMPATH\Boot.php(68): CodeIgniter\Boot::runCodeIgniter(Object(CodeIgniter\CodeIgniter))
 6 FCPATH\index.php(59): CodeIgniter\Boot::bootWeb(Object(Config\Paths))
CRITICAL - 2026-06-20 06:02:47 --> Error: Class "App\Models\ModelAuth" not found
[Method: GET, Route: auth/login]
in APPPATH\Controllers\Auth.php on line 14.
 1 SYSTEMPATH\CodeIgniter.php(921): App\Controllers\Auth->__construct()
 2 SYSTEMPATH\CodeIgniter.php(488): CodeIgniter\CodeIgniter->createController()
 3 SYSTEMPATH\CodeIgniter.php(340): CodeIgniter\CodeIgniter->handleRequest(null, Object(Config\Cache), false)
 4 SYSTEMPATH\Boot.php(417): CodeIgniter\CodeIgniter->run()
 5 SYSTEMPATH\Boot.php(68): CodeIgniter\Boot::runCodeIgniter(Object(CodeIgniter\CodeIgniter))
 6 FCPATH\index.php(59): CodeIgniter\Boot::bootWeb(Object(Config\Paths))
WARNING - 2026-06-20 06:03:41 --> [DEPRECATED] Creation of dynamic property App\Controllers\Home::$ModelSetting is deprecated in APPPATH\Controllers\Home.php on line 12.
 1 SYSTEMPATH\CodeIgniter.php(921): App\Controllers\Home->__construct()
 2 SYSTEMPATH\CodeIgniter.php(488): CodeIgniter\CodeIgniter->createController()
 3 SYSTEMPATH\CodeIgniter.php(340): CodeIgniter\CodeIgniter->handleRequest(null, Object(Config\Cache), false)
 4 SYSTEMPATH\Boot.php(417): CodeIgniter\CodeIgniter->run()
 5 SYSTEMPATH\Boot.php(68): CodeIgniter\Boot::runCodeIgniter(Object(CodeIgniter\CodeIgniter))
 6 FCPATH\index.php(59): CodeIgniter\Boot::bootWeb(Object(Config\Paths))
WARNING - 2026-06-20 06:03:41 --> [DEPRECATED] Creation of dynamic property App\Controllers\Home::$ModelWilayah is deprecated in APPPATH\Controllers\Home.php on line 13.
 1 SYSTEMPATH\CodeIgniter.php(921): App\Controllers\Home->__construct()
 2 SYSTEMPATH\CodeIgniter.php(488): CodeIgniter\CodeIgniter->createController()
 3 SYSTEMPATH\CodeIgniter.php(340): CodeIgniter\CodeIgniter->handleRequest(null, Object(Config\Cache), false)
 4 SYSTEMPATH\Boot.php(417): CodeIgniter\CodeIgniter->run()
 5 SYSTEMPATH\Boot.php(68): CodeIgniter\Boot::runCodeIgniter(Object(CodeIgniter\CodeIgniter))
 6 FCPATH\index.php(59): CodeIgniter\Boot::bootWeb(Object(Config\Paths))
WARNING - 2026-06-20 06:03:42 --> [DEPRECATED] Creation of dynamic property App\Controllers\Home::$ModelSetting is deprecated in APPPATH\Controllers\Home.php on line 12.
 1 SYSTEMPATH\CodeIgniter.php(921): App\Controllers\Home->__construct()
 2 SYSTEMPATH\CodeIgniter.php(488): CodeIgniter\CodeIgniter->createController()
 3 SYSTEMPATH\CodeIgniter.php(340): CodeIgniter\CodeIgniter->handleRequest(null, Object(Config\Cache), false)
 4 SYSTEMPATH\Boot.php(417): CodeIgniter\CodeIgniter->run()
 5 SYSTEMPATH\Boot.php(68): CodeIgniter\Boot::runCodeIgniter(Object(CodeIgniter\CodeIgniter))
 6 FCPATH\index.php(59): CodeIgniter\Boot::bootWeb(Object(Config\Paths))
WARNING - 2026-06-20 06:03:42 --> [DEPRECATED] Creation of dynamic property App\Controllers\Home::$ModelWilayah is deprecated in APPPATH\Controllers\Home.php on line 13.
 1 SYSTEMPATH\CodeIgniter.php(921): App\Controllers\Home->__construct()
 2 SYSTEMPATH\CodeIgniter.php(488): CodeIgniter\CodeIgniter->createController()
 3 SYSTEMPATH\CodeIgniter.php(340): CodeIgniter\CodeIgniter->handleRequest(null, Object(Config\Cache), false)
 4 SYSTEMPATH\Boot.php(417): CodeIgniter\CodeIgniter->run()
 5 SYSTEMPATH\Boot.php(68): CodeIgniter\Boot::runCodeIgniter(Object(CodeIgniter\CodeIgniter))
 6 FCPATH\index.php(59): CodeIgniter\Boot::bootWeb(Object(Config\Paths))
DEBUG - 2026-06-20 06:03:43 --> Session: Class initialized using 'CodeIgniter\Session\Handlers\FileHandler' driver.
WARNING - 2026-06-20 06:04:57 --> [DEPRECATED] Creation of dynamic property App\Controllers\Admin::$ModelSetting is deprecated in APPPATH\Controllers\Admin.php on line 11.
 1 SYSTEMPATH\CodeIgniter.php(921): App\Controllers\Admin->__construct()
 2 SYSTEMPATH\CodeIgniter.php(488): CodeIgniter\CodeIgniter->createController()
 3 SYSTEMPATH\CodeIgniter.php(340): CodeIgniter\CodeIgniter->handleRequest(null, Object(Config\Cache), false)
 4 SYSTEMPATH\Boot.php(417): CodeIgniter\CodeIgniter->run()
 5 SYSTEMPATH\Boot.php(68): CodeIgniter\Boot::runCodeIgniter(Object(CodeIgniter\CodeIgniter))
 6 FCPATH\index.php(59): CodeIgniter\Boot::bootWeb(Object(Config\Paths))
WARNING - 2026-06-20 06:04:58 --> [DEPRECATED] Creation of dynamic property App\Controllers\Wilayah::$ModelWilayah is deprecated in APPPATH\Controllers\Wilayah.php on line 13.
 1 SYSTEMPATH\CodeIgniter.php(921): App\Controllers\Wilayah->__construct()
 2 SYSTEMPATH\CodeIgniter.php(488): CodeIgniter\CodeIgniter->createController()
 3 SYSTEMPATH\CodeIgniter.php(340): CodeIgniter\CodeIgniter->handleRequest(null, Object(Config\Cache), false)
 4 SYSTEMPATH\Boot.php(417): CodeIgniter\CodeIgniter->run()
 5 SYSTEMPATH\Boot.php(68): CodeIgniter\Boot::runCodeIgniter(Object(CodeIgniter\CodeIgniter))
 6 FCPATH\index.php(59): CodeIgniter\Boot::bootWeb(Object(Config\Paths))
WARNING - 2026-06-20 06:04:58 --> [DEPRECATED] Creation of dynamic property App\Controllers\Wilayah::$ModelSetting is deprecated in APPPATH\Controllers\Wilayah.php on line 14.
 1 SYSTEMPATH\CodeIgniter.php(921): App\Controllers\Wilayah->__construct()
 2 SYSTEMPATH\CodeIgniter.php(488): CodeIgniter\CodeIgniter->createController()
 3 SYSTEMPATH\CodeIgniter.php(340): CodeIgniter\CodeIgniter->handleRequest(null, Object(Config\Cache), false)
 4 SYSTEMPATH\Boot.php(417): CodeIgniter\CodeIgniter->run()
 5 SYSTEMPATH\Boot.php(68): CodeIgniter\Boot::runCodeIgniter(Object(CodeIgniter\CodeIgniter))
 6 FCPATH\index.php(59): CodeIgniter\Boot::bootWeb(Object(Config\Paths))
DEBUG - 2026-06-20 06:04:58 --> Session: Class initialized using 'CodeIgniter\Session\Handlers\FileHandler' driver.
WARNING - 2026-06-20 06:04:58 --> [DEPRECATED] Creation of dynamic property App\Controllers\Admin::$ModelSetting is deprecated in APPPATH\Controllers\Admin.php on line 11.
 1 SYSTEMPATH\CodeIgniter.php(921): App\Controllers\Admin->__construct()
 2 SYSTEMPATH\CodeIgniter.php(488): CodeIgniter\CodeIgniter->createController()
 3 SYSTEMPATH\CodeIgniter.php(340): CodeIgniter\CodeIgniter->handleRequest(null, Object(Config\Cache), false)
 4 SYSTEMPATH\Boot.php(417): CodeIgniter\CodeIgniter->run()
 5 SYSTEMPATH\Boot.php(68): CodeIgniter\Boot::runCodeIgniter(Object(CodeIgniter\CodeIgniter))
 6 FCPATH\index.php(59): CodeIgniter\Boot::bootWeb(Object(Config\Paths))
WARNING - 2026-06-20 06:05:26 --> [DEPRECATED] Creation of dynamic property App\Controllers\Wilayah::$ModelWilayah is deprecated in APPPATH\Controllers\Wilayah.php on line 13.
 1 SYSTEMPATH\CodeIgniter.php(921): App\Controllers\Wilayah->__construct()
 2 SYSTEMPATH\CodeIgniter.php(488): CodeIgniter\CodeIgniter->createController()
 3 SYSTEMPATH\CodeIgniter.php(340): CodeIgniter\CodeIgniter->handleRequest(null, Object(Config\Cache), false)
 4 SYSTEMPATH\Boot.php(417): CodeIgniter\CodeIgniter->run()
 5 SYSTEMPATH\Boot.php(68): CodeIgniter\Boot::runCodeIgniter(Object(CodeIgniter\CodeIgniter))
 6 FCPATH\index.php(59): CodeIgniter\Boot::bootWeb(Object(Config\Paths))
WARNING - 2026-06-20 06:05:26 --> [DEPRECATED] Creation of dynamic property App\Controllers\Wilayah::$ModelSetting is deprecated in APPPATH\Controllers\Wilayah.php on line 14.
 1 SYSTEMPATH\CodeIgniter.php(921): App\Controllers\Wilayah->__construct()
 2 SYSTEMPATH\CodeIgniter.php(488): CodeIgniter\CodeIgniter->createController()
 3 SYSTEMPATH\CodeIgniter.php(340): CodeIgniter\CodeIgniter->handleRequest(null, Object(Config\Cache), false)
 4 SYSTEMPATH\Boot.php(417): CodeIgniter\CodeIgniter->run()
 5 SYSTEMPATH\Boot.php(68): CodeIgniter\Boot::runCodeIgniter(Object(CodeIgniter\CodeIgniter))
 6 FCPATH\index.php(59): CodeIgniter\Boot::bootWeb(Object(Config\Paths))
DEBUG - 2026-06-20 06:05:27 --> Session: Class initialized using 'CodeIgniter\Session\Handlers\FileHandler' driver.
WARNING - 2026-06-20 06:05:29 --> [DEPRECATED] Creation of dynamic property App\Controllers\Admin::$ModelSetting is deprecated in APPPATH\Controllers\Admin.php on line 11.
 1 SYSTEMPATH\CodeIgniter.php(921): App\Controllers\Admin->__construct()
 2 SYSTEMPATH\CodeIgniter.php(488): CodeIgniter\CodeIgniter->createController()
 3 SYSTEMPATH\CodeIgniter.php(340): CodeIgniter\CodeIgniter->handleRequest(null, Object(Config\Cache), false)
 4 SYSTEMPATH\Boot.php(417): CodeIgniter\CodeIgniter->run()
 5 SYSTEMPATH\Boot.php(68): CodeIgniter\Boot::runCodeIgniter(Object(CodeIgniter\CodeIgniter))
 6 FCPATH\index.php(59): CodeIgniter\Boot::bootWeb(Object(Config\Paths))
WARNING - 2026-06-20 06:11:04 --> [DEPRECATED] Creation of dynamic property App\Controllers\Admin::$ModelSetting is deprecated in APPPATH\Controllers\Admin.php on line 11.
 1 SYSTEMPATH\CodeIgniter.php(921): App\Controllers\Admin->__construct()
 2 SYSTEMPATH\CodeIgniter.php(488): CodeIgniter\CodeIgniter->createController()
 3 SYSTEMPATH\CodeIgniter.php(340): CodeIgniter\CodeIgniter->handleRequest(null, Object(Config\Cache), false)
 4 SYSTEMPATH\Boot.php(417): CodeIgniter\CodeIgniter->run()
 5 SYSTEMPATH\Boot.php(68): CodeIgniter\Boot::runCodeIgniter(Object(CodeIgniter\CodeIgniter))
 6 FCPATH\index.php(59): CodeIgniter\Boot::bootWeb(Object(Config\Paths))
WARNING - 2026-06-20 06:11:32 --> [DEPRECATED] Creation of dynamic property App\Controllers\Home::$ModelSetting is deprecated in APPPATH\Controllers\Home.php on line 12.
 1 SYSTEMPATH\CodeIgniter.php(921): App\Controllers\Home->__construct()
 2 SYSTEMPATH\CodeIgniter.php(488): CodeIgniter\CodeIgniter->createController()
 3 SYSTEMPATH\CodeIgniter.php(340): CodeIgniter\CodeIgniter->handleRequest(null, Object(Config\Cache), false)
 4 SYSTEMPATH\Boot.php(417): CodeIgniter\CodeIgniter->run()
 5 SYSTEMPATH\Boot.php(68): CodeIgniter\Boot::runCodeIgniter(Object(CodeIgniter\CodeIgniter))
 6 FCPATH\index.php(59): CodeIgniter\Boot::bootWeb(Object(Config\Paths))
WARNING - 2026-06-20 06:11:32 --> [DEPRECATED] Creation of dynamic property App\Controllers\Home::$ModelWilayah is deprecated in APPPATH\Controllers\Home.php on line 13.
 1 SYSTEMPATH\CodeIgniter.php(921): App\Controllers\Home->__construct()
 2 SYSTEMPATH\CodeIgniter.php(488): CodeIgniter\CodeIgniter->createController()
 3 SYSTEMPATH\CodeIgniter.php(340): CodeIgniter\CodeIgniter->handleRequest(null, Object(Config\Cache), false)
 4 SYSTEMPATH\Boot.php(417): CodeIgniter\CodeIgniter->run()
 5 SYSTEMPATH\Boot.php(68): CodeIgniter\Boot::runCodeIgniter(Object(CodeIgniter\CodeIgniter))
 6 FCPATH\index.php(59): CodeIgniter\Boot::bootWeb(Object(Config\Paths))
DEBUG - 2026-06-20 06:11:33 --> Session: Class initialized using 'CodeIgniter\Session\Handlers\FileHandler' driver.
WARNING - 2026-06-20 06:11:35 --> [DEPRECATED] Creation of dynamic property App\Controllers\Home::$ModelSetting is deprecated in APPPATH\Controllers\Home.php on line 12.
 1 SYSTEMPATH\CodeIgniter.php(921): App\Controllers\Home->__construct()
 2 SYSTEMPATH\CodeIgniter.php(488): CodeIgniter\CodeIgniter->createController()
 3 SYSTEMPATH\CodeIgniter.php(340): CodeIgniter\CodeIgniter->handleRequest(null, Object(Config\Cache), false)
 4 SYSTEMPATH\Boot.php(417): CodeIgniter\CodeIgniter->run()
 5 SYSTEMPATH\Boot.php(68): CodeIgniter\Boot::runCodeIgniter(Object(CodeIgniter\CodeIgniter))
 6 FCPATH\index.php(59): CodeIgniter\Boot::bootWeb(Object(Config\Paths))
WARNING - 2026-06-20 06:11:35 --> [DEPRECATED] Creation of dynamic property App\Controllers\Home::$ModelWilayah is deprecated in APPPATH\Controllers\Home.php on line 13.
 1 SYSTEMPATH\CodeIgniter.php(921): App\Controllers\Home->__construct()
 2 SYSTEMPATH\CodeIgniter.php(488): CodeIgniter\CodeIgniter->createController()
 3 SYSTEMPATH\CodeIgniter.php(340): CodeIgniter\CodeIgniter->handleRequest(null, Object(Config\Cache), false)
 4 SYSTEMPATH\Boot.php(417): CodeIgniter\CodeIgniter->run()
 5 SYSTEMPATH\Boot.php(68): CodeIgniter\Boot::runCodeIgniter(Object(CodeIgniter\CodeIgniter))
 6 FCPATH\index.php(59): CodeIgniter\Boot::bootWeb(Object(Config\Paths))
DEBUG - 2026-06-20 06:11:37 --> Session: Class initialized using 'CodeIgniter\Session\Handlers\FileHandler' driver.
DEBUG - 2026-06-20 06:12:01 --> Session: Class initialized using 'CodeIgniter\Session\Handlers\FileHandler' driver.
WARNING - 2026-06-20 06:12:10 --> [DEPRECATED] Creation of dynamic property App\Controllers\Wilayah::$ModelWilayah is deprecated in APPPATH\Controllers\Wilayah.php on line 13.
 1 SYSTEMPATH\CodeIgniter.php(921): App\Controllers\Wilayah->__construct()
 2 SYSTEMPATH\CodeIgniter.php(488): CodeIgniter\CodeIgniter->createController()
 3 SYSTEMPATH\CodeIgniter.php(340): CodeIgniter\CodeIgniter->handleRequest(null, Object(Config\Cache), false)
 4 SYSTEMPATH\Boot.php(417): CodeIgniter\CodeIgniter->run()
 5 SYSTEMPATH\Boot.php(68): CodeIgniter\Boot::runCodeIgniter(Object(CodeIgniter\CodeIgniter))
 6 FCPATH\index.php(59): CodeIgniter\Boot::bootWeb(Object(Config\Paths))
WARNING - 2026-06-20 06:12:10 --> [DEPRECATED] Creation of dynamic property App\Controllers\Wilayah::$ModelSetting is deprecated in APPPATH\Controllers\Wilayah.php on line 14.
 1 SYSTEMPATH\CodeIgniter.php(921): App\Controllers\Wilayah->__construct()
 2 SYSTEMPATH\CodeIgniter.php(488): CodeIgniter\CodeIgniter->createController()
 3 SYSTEMPATH\CodeIgniter.php(340): CodeIgniter\CodeIgniter->handleRequest(null, Object(Config\Cache), false)
 4 SYSTEMPATH\Boot.php(417): CodeIgniter\CodeIgniter->run()
 5 SYSTEMPATH\Boot.php(68): CodeIgniter\Boot::runCodeIgniter(Object(CodeIgniter\CodeIgniter))
 6 FCPATH\index.php(59): CodeIgniter\Boot::bootWeb(Object(Config\Paths))
DEBUG - 2026-06-20 06:12:10 --> Session: Class initialized using 'CodeIgniter\Session\Handlers\FileHandler' driver.
WARNING - 2026-06-20 06:12:13 --> [DEPRECATED] Creation of dynamic property App\Controllers\Admin::$ModelSetting is deprecated in APPPATH\Controllers\Admin.php on line 11.
 1 SYSTEMPATH\CodeIgniter.php(921): App\Controllers\Admin->__construct()
 2 SYSTEMPATH\CodeIgniter.php(488): CodeIgniter\CodeIgniter->createController()
 3 SYSTEMPATH\CodeIgniter.php(340): CodeIgniter\CodeIgniter->handleRequest(null, Object(Config\Cache), false)
 4 SYSTEMPATH\Boot.php(417): CodeIgniter\CodeIgniter->run()
 5 SYSTEMPATH\Boot.php(68): CodeIgniter\Boot::runCodeIgniter(Object(CodeIgniter\CodeIgniter))
 6 FCPATH\index.php(59): CodeIgniter\Boot::bootWeb(Object(Config\Paths))
DEBUG - 2026-06-20 06:12:14 --> Session: Class initialized using 'CodeIgniter\Session\Handlers\FileHandler' driver.
WARNING - 2026-06-20 06:12:15 --> [DEPRECATED] Creation of dynamic property App\Controllers\Bengkel::$ModelWilayah is deprecated in APPPATH\Controllers\Bengkel.php on line 15.
 1 SYSTEMPATH\CodeIgniter.php(921): App\Controllers\Bengkel->__construct()
 2 SYSTEMPATH\CodeIgniter.php(488): CodeIgniter\CodeIgniter->createController()
 3 SYSTEMPATH\CodeIgniter.php(340): CodeIgniter\CodeIgniter->handleRequest(null, Object(Config\Cache), false)
 4 SYSTEMPATH\Boot.php(417): CodeIgniter\CodeIgniter->run()
 5 SYSTEMPATH\Boot.php(68): CodeIgniter\Boot::runCodeIgniter(Object(CodeIgniter\CodeIgniter))
 6 FCPATH\index.php(59): CodeIgniter\Boot::bootWeb(Object(Config\Paths))
WARNING - 2026-06-20 06:12:15 --> [DEPRECATED] Creation of dynamic property App\Controllers\Bengkel::$ModelSetting is deprecated in APPPATH\Controllers\Bengkel.php on line 16.
 1 SYSTEMPATH\CodeIgniter.php(921): App\Controllers\Bengkel->__construct()
 2 SYSTEMPATH\CodeIgniter.php(488): CodeIgniter\CodeIgniter->createController()
 3 SYSTEMPATH\CodeIgniter.php(340): CodeIgniter\CodeIgniter->handleRequest(null, Object(Config\Cache), false)
 4 SYSTEMPATH\Boot.php(417): CodeIgniter\CodeIgniter->run()
 5 SYSTEMPATH\Boot.php(68): CodeIgniter\Boot::runCodeIgniter(Object(CodeIgniter\CodeIgniter))
 6 FCPATH\index.php(59): CodeIgniter\Boot::bootWeb(Object(Config\Paths))
WARNING - 2026-06-20 06:12:15 --> [DEPRECATED] Creation of dynamic property App\Controllers\Bengkel::$ModelBengkel is deprecated in APPPATH\Controllers\Bengkel.php on line 17.
 1 SYSTEMPATH\CodeIgniter.php(921): App\Controllers\Bengkel->__construct()
 2 SYSTEMPATH\CodeIgniter.php(488): CodeIgniter\CodeIgniter->createController()
 3 SYSTEMPATH\CodeIgniter.php(340): CodeIgniter\CodeIgniter->handleRequest(null, Object(Config\Cache), false)
 4 SYSTEMPATH\Boot.php(417): CodeIgniter\CodeIgniter->run()
 5 SYSTEMPATH\Boot.php(68): CodeIgniter\Boot::runCodeIgniter(Object(CodeIgniter\CodeIgniter))
 6 FCPATH\index.php(59): CodeIgniter\Boot::bootWeb(Object(Config\Paths))
WARNING - 2026-06-20 06:12:15 --> [DEPRECATED] Creation of dynamic property App\Controllers\Bengkel::$ModelKategori is deprecated in APPPATH\Controllers\Bengkel.php on line 18.
 1 SYSTEMPATH\CodeIgniter.php(921): App\Controllers\Bengkel->__construct()
 2 SYSTEMPATH\CodeIgniter.php(488): CodeIgniter\CodeIgniter->createController()
 3 SYSTEMPATH\CodeIgniter.php(340): CodeIgniter\CodeIgniter->handleRequest(null, Object(Config\Cache), false)
 4 SYSTEMPATH\Boot.php(417): CodeIgniter\CodeIgniter->run()
 5 SYSTEMPATH\Boot.php(68): CodeIgniter\Boot::runCodeIgniter(Object(CodeIgniter\CodeIgniter))
 6 FCPATH\index.php(59): CodeIgniter\Boot::bootWeb(Object(Config\Paths))
DEBUG - 2026-06-20 06:12:15 --> Session: Class initialized using 'CodeIgniter\Session\Handlers\FileHandler' driver.
WARNING - 2026-06-20 06:12:16 --> [DEPRECATED] Creation of dynamic property App\Controllers\Bengkel::$ModelWilayah is deprecated in APPPATH\Controllers\Bengkel.php on line 15.
 1 SYSTEMPATH\CodeIgniter.php(921): App\Controllers\Bengkel->__construct()
 2 SYSTEMPATH\CodeIgniter.php(488): CodeIgniter\CodeIgniter->createController()
 3 SYSTEMPATH\CodeIgniter.php(340): CodeIgniter\CodeIgniter->handleRequest(null, Object(Config\Cache), false)
 4 SYSTEMPATH\Boot.php(417): CodeIgniter\CodeIgniter->run()
 5 SYSTEMPATH\Boot.php(68): CodeIgniter\Boot::runCodeIgniter(Object(CodeIgniter\CodeIgniter))
 6 FCPATH\index.php(59): CodeIgniter\Boot::bootWeb(Object(Config\Paths))
WARNING - 2026-06-20 06:12:16 --> [DEPRECATED] Creation of dynamic property App\Controllers\Bengkel::$ModelSetting is deprecated in APPPATH\Controllers\Bengkel.php on line 16.
 1 SYSTEMPATH\CodeIgniter.php(921): App\Controllers\Bengkel->__construct()
 2 SYSTEMPATH\CodeIgniter.php(488): CodeIgniter\CodeIgniter->createController()
 3 SYSTEMPATH\CodeIgniter.php(340): CodeIgniter\CodeIgniter->handleRequest(null, Object(Config\Cache), false)
 4 SYSTEMPATH\Boot.php(417): CodeIgniter\CodeIgniter->run()
 5 SYSTEMPATH\Boot.php(68): CodeIgniter\Boot::runCodeIgniter(Object(CodeIgniter\CodeIgniter))
 6 FCPATH\index.php(59): CodeIgniter\Boot::bootWeb(Object(Config\Paths))
WARNING - 2026-06-20 06:12:16 --> [DEPRECATED] Creation of dynamic property App\Controllers\Bengkel::$ModelBengkel is deprecated in APPPATH\Controllers\Bengkel.php on line 17.
 1 SYSTEMPATH\CodeIgniter.php(921): App\Controllers\Bengkel->__construct()
 2 SYSTEMPATH\CodeIgniter.php(488): CodeIgniter\CodeIgniter->createController()
 3 SYSTEMPATH\CodeIgniter.php(340): CodeIgniter\CodeIgniter->handleRequest(null, Object(Config\Cache), false)
 4 SYSTEMPATH\Boot.php(417): CodeIgniter\CodeIgniter->run()
 5 SYSTEMPATH\Boot.php(68): CodeIgniter\Boot::runCodeIgniter(Object(CodeIgniter\CodeIgniter))
 6 FCPATH\index.php(59): CodeIgniter\Boot::bootWeb(Object(Config\Paths))
WARNING - 2026-06-20 06:12:16 --> [DEPRECATED] Creation of dynamic property App\Controllers\Bengkel::$ModelKategori is deprecated in APPPATH\Controllers\Bengkel.php on line 18.
 1 SYSTEMPATH\CodeIgniter.php(921): App\Controllers\Bengkel->__construct()
 2 SYSTEMPATH\CodeIgniter.php(488): CodeIgniter\CodeIgniter->createController()
 3 SYSTEMPATH\CodeIgniter.php(340): CodeIgniter\CodeIgniter->handleRequest(null, Object(Config\Cache), false)
 4 SYSTEMPATH\Boot.php(417): CodeIgniter\CodeIgniter->run()
 5 SYSTEMPATH\Boot.php(68): CodeIgniter\Boot::runCodeIgniter(Object(CodeIgniter\CodeIgniter))
 6 FCPATH\index.php(59): CodeIgniter\Boot::bootWeb(Object(Config\Paths))
DEBUG - 2026-06-20 06:12:16 --> Session: Class initialized using 'CodeIgniter\Session\Handlers\FileHandler' driver.
WARNING - 2026-06-20 06:12:19 --> [DEPRECATED] Creation of dynamic property App\Controllers\Bengkel::$ModelWilayah is deprecated in APPPATH\Controllers\Bengkel.php on line 15.
 1 SYSTEMPATH\CodeIgniter.php(921): App\Controllers\Bengkel->__construct()
 2 SYSTEMPATH\CodeIgniter.php(488): CodeIgniter\CodeIgniter->createController()
 3 SYSTEMPATH\CodeIgniter.php(340): CodeIgniter\CodeIgniter->handleRequest(null, Object(Config\Cache), false)
 4 SYSTEMPATH\Boot.php(417): CodeIgniter\CodeIgniter->run()
 5 SYSTEMPATH\Boot.php(68): CodeIgniter\Boot::runCodeIgniter(Object(CodeIgniter\CodeIgniter))
 6 FCPATH\index.php(59): CodeIgniter\Boot::bootWeb(Object(Config\Paths))
WARNING - 2026-06-20 06:12:19 --> [DEPRECATED] Creation of dynamic property App\Controllers\Bengkel::$ModelSetting is deprecated in APPPATH\Controllers\Bengkel.php on line 16.
 1 SYSTEMPATH\CodeIgniter.php(921): App\Controllers\Bengkel->__construct()
 2 SYSTEMPATH\CodeIgniter.php(488): CodeIgniter\CodeIgniter->createController()
 3 SYSTEMPATH\CodeIgniter.php(340): CodeIgniter\CodeIgniter->handleRequest(null, Object(Config\Cache), false)
 4 SYSTEMPATH\Boot.php(417): CodeIgniter\CodeIgniter->run()
 5 SYSTEMPATH\Boot.php(68): CodeIgniter\Boot::runCodeIgniter(Object(CodeIgniter\CodeIgniter))
 6 FCPATH\index.php(59): CodeIgniter\Boot::bootWeb(Object(Config\Paths))
WARNING - 2026-06-20 06:12:19 --> [DEPRECATED] Creation of dynamic property App\Controllers\Bengkel::$ModelBengkel is deprecated in APPPATH\Controllers\Bengkel.php on line 17.
 1 SYSTEMPATH\CodeIgniter.php(921): App\Controllers\Bengkel->__construct()
 2 SYSTEMPATH\CodeIgniter.php(488): CodeIgniter\CodeIgniter->createController()
 3 SYSTEMPATH\CodeIgniter.php(340): CodeIgniter\CodeIgniter->handleRequest(null, Object(Config\Cache), false)
 4 SYSTEMPATH\Boot.php(417): CodeIgniter\CodeIgniter->run()
 5 SYSTEMPATH\Boot.php(68): CodeIgniter\Boot::runCodeIgniter(Object(CodeIgniter\CodeIgniter))
 6 FCPATH\index.php(59): CodeIgniter\Boot::bootWeb(Object(Config\Paths))
WARNING - 2026-06-20 06:12:19 --> [DEPRECATED] Creation of dynamic property App\Controllers\Bengkel::$ModelKategori is deprecated in APPPATH\Controllers\Bengkel.php on line 18.
 1 SYSTEMPATH\CodeIgniter.php(921): App\Controllers\Bengkel->__construct()
 2 SYSTEMPATH\CodeIgniter.php(488): CodeIgniter\CodeIgniter->createController()
 3 SYSTEMPATH\CodeIgniter.php(340): CodeIgniter\CodeIgniter->handleRequest(null, Object(Config\Cache), false)
 4 SYSTEMPATH\Boot.php(417): CodeIgniter\CodeIgniter->run()
 5 SYSTEMPATH\Boot.php(68): CodeIgniter\Boot::runCodeIgniter(Object(CodeIgniter\CodeIgniter))
 6 FCPATH\index.php(59): CodeIgniter\Boot::bootWeb(Object(Config\Paths))
WARNING - 2026-06-20 06:12:23 --> [DEPRECATED] Creation of dynamic property App\Controllers\Admin::$ModelSetting is deprecated in APPPATH\Controllers\Admin.php on line 11.
 1 SYSTEMPATH\CodeIgniter.php(921): App\Controllers\Admin->__construct()
 2 SYSTEMPATH\CodeIgniter.php(488): CodeIgniter\CodeIgniter->createController()
 3 SYSTEMPATH\CodeIgniter.php(340): CodeIgniter\CodeIgniter->handleRequest(null, Object(Config\Cache), false)
 4 SYSTEMPATH\Boot.php(417): CodeIgniter\CodeIgniter->run()
 5 SYSTEMPATH\Boot.php(68): CodeIgniter\Boot::runCodeIgniter(Object(CodeIgniter\CodeIgniter))
 6 FCPATH\index.php(59): CodeIgniter\Boot::bootWeb(Object(Config\Paths))
DEBUG - 2026-06-20 06:12:27 --> Session: Class initialized using 'CodeIgniter\Session\Handlers\FileHandler' driver.
WARNING - 2026-06-20 06:12:27 --> [DEPRECATED] Creation of dynamic property App\Controllers\Admin::$ModelSetting is deprecated in APPPATH\Controllers\Admin.php on line 11.
 1 SYSTEMPATH\CodeIgniter.php(921): App\Controllers\Admin->__construct()
 2 SYSTEMPATH\CodeIgniter.php(488): CodeIgniter\CodeIgniter->createController()
 3 SYSTEMPATH\CodeIgniter.php(340): CodeIgniter\CodeIgniter->handleRequest(null, Object(Config\Cache), false)
 4 SYSTEMPATH\Boot.php(417): CodeIgniter\CodeIgniter->run()
 5 SYSTEMPATH\Boot.php(68): CodeIgniter\Boot::runCodeIgniter(Object(CodeIgniter\CodeIgniter))
 6 FCPATH\index.php(59): CodeIgniter\Boot::bootWeb(Object(Config\Paths))
WARNING - 2026-06-20 06:12:28 --> [DEPRECATED] Creation of dynamic property App\Controllers\Wilayah::$ModelWilayah is deprecated in APPPATH\Controllers\Wilayah.php on line 13.
 1 SYSTEMPATH\CodeIgniter.php(921): App\Controllers\Wilayah->__construct()
 2 SYSTEMPATH\CodeIgniter.php(488): CodeIgniter\CodeIgniter->createController()
 3 SYSTEMPATH\CodeIgniter.php(340): CodeIgniter\CodeIgniter->handleRequest(null, Object(Config\Cache), false)
 4 SYSTEMPATH\Boot.php(417): CodeIgniter\CodeIgniter->run()
 5 SYSTEMPATH\Boot.php(68): CodeIgniter\Boot::runCodeIgniter(Object(CodeIgniter\CodeIgniter))
 6 FCPATH\index.php(59): CodeIgniter\Boot::bootWeb(Object(Config\Paths))
WARNING - 2026-06-20 06:12:28 --> [DEPRECATED] Creation of dynamic property App\Controllers\Wilayah::$ModelSetting is deprecated in APPPATH\Controllers\Wilayah.php on line 14.
 1 SYSTEMPATH\CodeIgniter.php(921): App\Controllers\Wilayah->__construct()
 2 SYSTEMPATH\CodeIgniter.php(488): CodeIgniter\CodeIgniter->createController()
 3 SYSTEMPATH\CodeIgniter.php(340): CodeIgniter\CodeIgniter->handleRequest(null, Object(Config\Cache), false)
 4 SYSTEMPATH\Boot.php(417): CodeIgniter\CodeIgniter->run()
 5 SYSTEMPATH\Boot.php(68): CodeIgniter\Boot::runCodeIgniter(Object(CodeIgniter\CodeIgniter))
 6 FCPATH\index.php(59): CodeIgniter\Boot::bootWeb(Object(Config\Paths))
DEBUG - 2026-06-20 06:12:28 --> Session: Class initialized using 'CodeIgniter\Session\Handlers\FileHandler' driver.
DEBUG - 2026-06-20 06:12:29 --> Session: Class initialized using 'CodeIgniter\Session\Handlers\FileHandler' driver.
WARNING - 2026-06-20 06:12:29 --> [DEPRECATED] Creation of dynamic property App\Controllers\Bengkel::$ModelWilayah is deprecated in APPPATH\Controllers\Bengkel.php on line 15.
 1 SYSTEMPATH\CodeIgniter.php(921): App\Controllers\Bengkel->__construct()
 2 SYSTEMPATH\CodeIgniter.php(488): CodeIgniter\CodeIgniter->createController()
 3 SYSTEMPATH\CodeIgniter.php(340): CodeIgniter\CodeIgniter->handleRequest(null, Object(Config\Cache), false)
 4 SYSTEMPATH\Boot.php(417): CodeIgniter\CodeIgniter->run()
 5 SYSTEMPATH\Boot.php(68): CodeIgniter\Boot::runCodeIgniter(Object(CodeIgniter\CodeIgniter))
 6 FCPATH\index.php(59): CodeIgniter\Boot::bootWeb(Object(Config\Paths))
WARNING - 2026-06-20 06:12:29 --> [DEPRECATED] Creation of dynamic property App\Controllers\Bengkel::$ModelSetting is deprecated in APPPATH\Controllers\Bengkel.php on line 16.
 1 SYSTEMPATH\CodeIgniter.php(921): App\Controllers\Bengkel->__construct()
 2 SYSTEMPATH\CodeIgniter.php(488): CodeIgniter\CodeIgniter->createController()
 3 SYSTEMPATH\CodeIgniter.php(340): CodeIgniter\CodeIgniter->handleRequest(null, Object(Config\Cache), false)
 4 SYSTEMPATH\Boot.php(417): CodeIgniter\CodeIgniter->run()
 5 SYSTEMPATH\Boot.php(68): CodeIgniter\Boot::runCodeIgniter(Object(CodeIgniter\CodeIgniter))
 6 FCPATH\index.php(59): CodeIgniter\Boot::bootWeb(Object(Config\Paths))
WARNING - 2026-06-20 06:12:29 --> [DEPRECATED] Creation of dynamic property App\Controllers\Bengkel::$ModelBengkel is deprecated in APPPATH\Controllers\Bengkel.php on line 17.
 1 SYSTEMPATH\CodeIgniter.php(921): App\Controllers\Bengkel->__construct()
 2 SYSTEMPATH\CodeIgniter.php(488): CodeIgniter\CodeIgniter->createController()
 3 SYSTEMPATH\CodeIgniter.php(340): CodeIgniter\CodeIgniter->handleRequest(null, Object(Config\Cache), false)
 4 SYSTEMPATH\Boot.php(417): CodeIgniter\CodeIgniter->run()
 5 SYSTEMPATH\Boot.php(68): CodeIgniter\Boot::runCodeIgniter(Object(CodeIgniter\CodeIgniter))
 6 FCPATH\index.php(59): CodeIgniter\Boot::bootWeb(Object(Config\Paths))
WARNING - 2026-06-20 06:12:29 --> [DEPRECATED] Creation of dynamic property App\Controllers\Bengkel::$ModelKategori is deprecated in APPPATH\Controllers\Bengkel.php on line 18.
 1 SYSTEMPATH\CodeIgniter.php(921): App\Controllers\Bengkel->__construct()
 2 SYSTEMPATH\CodeIgniter.php(488): CodeIgniter\CodeIgniter->createController()
 3 SYSTEMPATH\CodeIgniter.php(340): CodeIgniter\CodeIgniter->handleRequest(null, Object(Config\Cache), false)
 4 SYSTEMPATH\Boot.php(417): CodeIgniter\CodeIgniter->run()
 5 SYSTEMPATH\Boot.php(68): CodeIgniter\Boot::runCodeIgniter(Object(CodeIgniter\CodeIgniter))
 6 FCPATH\index.php(59): CodeIgniter\Boot::bootWeb(Object(Config\Paths))
DEBUG - 2026-06-20 06:12:29 --> Session: Class initialized using 'CodeIgniter\Session\Handlers\FileHandler' driver.
WARNING - 2026-06-20 06:12:31 --> [DEPRECATED] Creation of dynamic property App\Controllers\Admin::$ModelSetting is deprecated in APPPATH\Controllers\Admin.php on line 11.
 1 SYSTEMPATH\CodeIgniter.php(921): App\Controllers\Admin->__construct()
 2 SYSTEMPATH\CodeIgniter.php(488): CodeIgniter\CodeIgniter->createController()
 3 SYSTEMPATH\CodeIgniter.php(340): CodeIgniter\CodeIgniter->handleRequest(null, Object(Config\Cache), false)
 4 SYSTEMPATH\Boot.php(417): CodeIgniter\CodeIgniter->run()
 5 SYSTEMPATH\Boot.php(68): CodeIgniter\Boot::runCodeIgniter(Object(CodeIgniter\CodeIgniter))
 6 FCPATH\index.php(59): CodeIgniter\Boot::bootWeb(Object(Config\Paths))
WARNING - 2026-06-20 06:12:39 --> [DEPRECATED] Creation of dynamic property App\Controllers\User::$ModelUser is deprecated in APPPATH\Controllers\User.php on line 12.
 1 SYSTEMPATH\CodeIgniter.php(921): App\Controllers\User->__construct()
 2 SYSTEMPATH\CodeIgniter.php(488): CodeIgniter\CodeIgniter->createController()
 3 SYSTEMPATH\CodeIgniter.php(340): CodeIgniter\CodeIgniter->handleRequest(null, Object(Config\Cache), false)
 4 SYSTEMPATH\Boot.php(417): CodeIgniter\CodeIgniter->run()
 5 SYSTEMPATH\Boot.php(68): CodeIgniter\Boot::runCodeIgniter(Object(CodeIgniter\CodeIgniter))
 6 FCPATH\index.php(59): CodeIgniter\Boot::bootWeb(Object(Config\Paths))
DEBUG - 2026-06-20 06:12:39 --> Session: Class initialized using 'CodeIgniter\Session\Handlers\FileHandler' driver.
WARNING - 2026-06-20 06:12:41 --> [DEPRECATED] Creation of dynamic property App\Controllers\Admin::$ModelSetting is deprecated in APPPATH\Controllers\Admin.php on line 11.
 1 SYSTEMPATH\CodeIgniter.php(921): App\Controllers\Admin->__construct()
 2 SYSTEMPATH\CodeIgniter.php(488): CodeIgniter\CodeIgniter->createController()
 3 SYSTEMPATH\CodeIgniter.php(340): CodeIgniter\CodeIgniter->handleRequest(null, Object(Config\Cache), false)
 4 SYSTEMPATH\Boot.php(417): CodeIgniter\CodeIgniter->run()
 5 SYSTEMPATH\Boot.php(68): CodeIgniter\Boot::runCodeIgniter(Object(CodeIgniter\CodeIgniter))
 6 FCPATH\index.php(59): CodeIgniter\Boot::bootWeb(Object(Config\Paths))
WARNING - 2026-06-20 06:12:42 --> [DEPRECATED] Creation of dynamic property App\Controllers\User::$ModelUser is deprecated in APPPATH\Controllers\User.php on line 12.
 1 SYSTEMPATH\CodeIgniter.php(921): App\Controllers\User->__construct()
 2 SYSTEMPATH\CodeIgniter.php(488): CodeIgniter\CodeIgniter->createController()
 3 SYSTEMPATH\CodeIgniter.php(340): CodeIgniter\CodeIgniter->handleRequest(null, Object(Config\Cache), false)
 4 SYSTEMPATH\Boot.php(417): CodeIgniter\CodeIgniter->run()
 5 SYSTEMPATH\Boot.php(68): CodeIgniter\Boot::runCodeIgniter(Object(CodeIgniter\CodeIgniter))
 6 FCPATH\index.php(59): CodeIgniter\Boot::bootWeb(Object(Config\Paths))
DEBUG - 2026-06-20 06:12:42 --> Session: Class initialized using 'CodeIgniter\Session\Handlers\FileHandler' driver.
WARNING - 2026-06-20 06:12:45 --> [DEPRECATED] Creation of dynamic property App\Controllers\Admin::$ModelSetting is deprecated in APPPATH\Controllers\Admin.php on line 11.
 1 SYSTEMPATH\CodeIgniter.php(921): App\Controllers\Admin->__construct()
 2 SYSTEMPATH\CodeIgniter.php(488): CodeIgniter\CodeIgniter->createController()
 3 SYSTEMPATH\CodeIgniter.php(340): CodeIgniter\CodeIgniter->handleRequest(null, Object(Config\Cache), false)
 4 SYSTEMPATH\Boot.php(417): CodeIgniter\CodeIgniter->run()
 5 SYSTEMPATH\Boot.php(68): CodeIgniter\Boot::runCodeIgniter(Object(CodeIgniter\CodeIgniter))
 6 FCPATH\index.php(59): CodeIgniter\Boot::bootWeb(Object(Config\Paths))
WARNING - 2026-06-20 06:13:27 --> [DEPRECATED] Creation of dynamic property App\Controllers\Wilayah::$ModelWilayah is deprecated in APPPATH\Controllers\Wilayah.php on line 13.
 1 SYSTEMPATH\CodeIgniter.php(921): App\Controllers\Wilayah->__construct()
 2 SYSTEMPATH\CodeIgniter.php(488): CodeIgniter\CodeIgniter->createController()
 3 SYSTEMPATH\CodeIgniter.php(340): CodeIgniter\CodeIgniter->handleRequest(null, Object(Config\Cache), false)
 4 SYSTEMPATH\Boot.php(417): CodeIgniter\CodeIgniter->run()
 5 SYSTEMPATH\Boot.php(68): CodeIgniter\Boot::runCodeIgniter(Object(CodeIgniter\CodeIgniter))
 6 FCPATH\index.php(59): CodeIgniter\Boot::bootWeb(Object(Config\Paths))
WARNING - 2026-06-20 06:13:27 --> [DEPRECATED] Creation of dynamic property App\Controllers\Wilayah::$ModelSetting is deprecated in APPPATH\Controllers\Wilayah.php on line 14.
 1 SYSTEMPATH\CodeIgniter.php(921): App\Controllers\Wilayah->__construct()
 2 SYSTEMPATH\CodeIgniter.php(488): CodeIgniter\CodeIgniter->createController()
 3 SYSTEMPATH\CodeIgniter.php(340): CodeIgniter\CodeIgniter->handleRequest(null, Object(Config\Cache), false)
 4 SYSTEMPATH\Boot.php(417): CodeIgniter\CodeIgniter->run()
 5 SYSTEMPATH\Boot.php(68): CodeIgniter\Boot::runCodeIgniter(Object(CodeIgniter\CodeIgniter))
 6 FCPATH\index.php(59): CodeIgniter\Boot::bootWeb(Object(Config\Paths))
DEBUG - 2026-06-20 06:13:27 --> Session: Class initialized using 'CodeIgniter\Session\Handlers\FileHandler' driver.
WARNING - 2026-06-20 06:13:28 --> [DEPRECATED] Creation of dynamic property App\Controllers\Bengkel::$ModelWilayah is deprecated in APPPATH\Controllers\Bengkel.php on line 15.
 1 SYSTEMPATH\CodeIgniter.php(921): App\Controllers\Bengkel->__construct()
 2 SYSTEMPATH\CodeIgniter.php(488): CodeIgniter\CodeIgniter->createController()
 3 SYSTEMPATH\CodeIgniter.php(340): CodeIgniter\CodeIgniter->handleRequest(null, Object(Config\Cache), false)
 4 SYSTEMPATH\Boot.php(417): CodeIgniter\CodeIgniter->run()
 5 SYSTEMPATH\Boot.php(68): CodeIgniter\Boot::runCodeIgniter(Object(CodeIgniter\CodeIgniter))
 6 FCPATH\index.php(59): CodeIgniter\Boot::bootWeb(Object(Config\Paths))
WARNING - 2026-06-20 06:13:28 --> [DEPRECATED] Creation of dynamic property App\Controllers\Bengkel::$ModelSetting is deprecated in APPPATH\Controllers\Bengkel.php on line 16.
 1 SYSTEMPATH\CodeIgniter.php(921): App\Controllers\Bengkel->__construct()
 2 SYSTEMPATH\CodeIgniter.php(488): CodeIgniter\CodeIgniter->createController()
 3 SYSTEMPATH\CodeIgniter.php(340): CodeIgniter\CodeIgniter->handleRequest(null, Object(Config\Cache), false)
 4 SYSTEMPATH\Boot.php(417): CodeIgniter\CodeIgniter->run()
 5 SYSTEMPATH\Boot.php(68): CodeIgniter\Boot::runCodeIgniter(Object(CodeIgniter\CodeIgniter))
 6 FCPATH\index.php(59): CodeIgniter\Boot::bootWeb(Object(Config\Paths))
WARNING - 2026-06-20 06:13:28 --> [DEPRECATED] Creation of dynamic property App\Controllers\Bengkel::$ModelBengkel is deprecated in APPPATH\Controllers\Bengkel.php on line 17.
 1 SYSTEMPATH\CodeIgniter.php(921): App\Controllers\Bengkel->__construct()
 2 SYSTEMPATH\CodeIgniter.php(488): CodeIgniter\CodeIgniter->createController()
 3 SYSTEMPATH\CodeIgniter.php(340): CodeIgniter\CodeIgniter->handleRequest(null, Object(Config\Cache), false)
 4 SYSTEMPATH\Boot.php(417): CodeIgniter\CodeIgniter->run()
 5 SYSTEMPATH\Boot.php(68): CodeIgniter\Boot::runCodeIgniter(Object(CodeIgniter\CodeIgniter))
 6 FCPATH\index.php(59): CodeIgniter\Boot::bootWeb(Object(Config\Paths))
WARNING - 2026-06-20 06:13:28 --> [DEPRECATED] Creation of dynamic property App\Controllers\Bengkel::$ModelKategori is deprecated in APPPATH\Controllers\Bengkel.php on line 18.
 1 SYSTEMPATH\CodeIgniter.php(921): App\Controllers\Bengkel->__construct()
 2 SYSTEMPATH\CodeIgniter.php(488): CodeIgniter\CodeIgniter->createController()
 3 SYSTEMPATH\CodeIgniter.php(340): CodeIgniter\CodeIgniter->handleRequest(null, Object(Config\Cache), false)
 4 SYSTEMPATH\Boot.php(417): CodeIgniter\CodeIgniter->run()
 5 SYSTEMPATH\Boot.php(68): CodeIgniter\Boot::runCodeIgniter(Object(CodeIgniter\CodeIgniter))
 6 FCPATH\index.php(59): CodeIgniter\Boot::bootWeb(Object(Config\Paths))
DEBUG - 2026-06-20 06:13:28 --> Session: Class initialized using 'CodeIgniter\Session\Handlers\FileHandler' driver.
WARNING - 2026-06-20 06:13:32 --> [DEPRECATED] Creation of dynamic property App\Controllers\Admin::$ModelSetting is deprecated in APPPATH\Controllers\Admin.php on line 11.
 1 SYSTEMPATH\CodeIgniter.php(921): App\Controllers\Admin->__construct()
 2 SYSTEMPATH\CodeIgniter.php(488): CodeIgniter\CodeIgniter->createController()
 3 SYSTEMPATH\CodeIgniter.php(340): CodeIgniter\CodeIgniter->handleRequest(null, Object(Config\Cache), false)
 4 SYSTEMPATH\Boot.php(417): CodeIgniter\CodeIgniter->run()
 5 SYSTEMPATH\Boot.php(68): CodeIgniter\Boot::runCodeIgniter(Object(CodeIgniter\CodeIgniter))
 6 FCPATH\index.php(59): CodeIgniter\Boot::bootWeb(Object(Config\Paths))
DEBUG - 2026-06-20 06:13:32 --> Session: Class initialized using 'CodeIgniter\Session\Handlers\FileHandler' driver.
WARNING - 2026-06-20 06:13:36 --> [DEPRECATED] Creation of dynamic property App\Controllers\Wilayah::$ModelWilayah is deprecated in APPPATH\Controllers\Wilayah.php on line 13.
 1 SYSTEMPATH\CodeIgniter.php(921): App\Controllers\Wilayah->__construct()
 2 SYSTEMPATH\CodeIgniter.php(488): CodeIgniter\CodeIgniter->createController()
 3 SYSTEMPATH\CodeIgniter.php(340): CodeIgniter\CodeIgniter->handleRequest(null, Object(Config\Cache), false)
 4 SYSTEMPATH\Boot.php(417): CodeIgniter\CodeIgniter->run()
 5 SYSTEMPATH\Boot.php(68): CodeIgniter\Boot::runCodeIgniter(Object(CodeIgniter\CodeIgniter))
 6 FCPATH\index.php(59): CodeIgniter\Boot::bootWeb(Object(Config\Paths))
WARNING - 2026-06-20 06:13:36 --> [DEPRECATED] Creation of dynamic property App\Controllers\Wilayah::$ModelSetting is deprecated in APPPATH\Controllers\Wilayah.php on line 14.
 1 SYSTEMPATH\CodeIgniter.php(921): App\Controllers\Wilayah->__construct()
 2 SYSTEMPATH\CodeIgniter.php(488): CodeIgniter\CodeIgniter->createController()
 3 SYSTEMPATH\CodeIgniter.php(340): CodeIgniter\CodeIgniter->handleRequest(null, Object(Config\Cache), false)
 4 SYSTEMPATH\Boot.php(417): CodeIgniter\CodeIgniter->run()
 5 SYSTEMPATH\Boot.php(68): CodeIgniter\Boot::runCodeIgniter(Object(CodeIgniter\CodeIgniter))
 6 FCPATH\index.php(59): CodeIgniter\Boot::bootWeb(Object(Config\Paths))
DEBUG - 2026-06-20 06:13:36 --> Session: Class initialized using 'CodeIgniter\Session\Handlers\FileHandler' driver.
WARNING - 2026-06-20 06:14:07 --> [DEPRECATED] Creation of dynamic property App\Controllers\Admin::$ModelSetting is deprecated in APPPATH\Controllers\Admin.php on line 11.
 1 SYSTEMPATH\CodeIgniter.php(921): App\Controllers\Admin->__construct()
 2 SYSTEMPATH\CodeIgniter.php(488): CodeIgniter\CodeIgniter->createController()
 3 SYSTEMPATH\CodeIgniter.php(340): CodeIgniter\CodeIgniter->handleRequest(null, Object(Config\Cache), false)
 4 SYSTEMPATH\Boot.php(417): CodeIgniter\CodeIgniter->run()
 5 SYSTEMPATH\Boot.php(68): CodeIgniter\Boot::runCodeIgniter(Object(CodeIgniter\CodeIgniter))
 6 FCPATH\index.php(59): CodeIgniter\Boot::bootWeb(Object(Config\Paths))
WARNING - 2026-06-20 06:25:41 --> [DEPRECATED] Creation of dynamic property App\Controllers\Admin::$ModelSetting is deprecated in APPPATH\Controllers\Admin.php on line 11.
 1 SYSTEMPATH\CodeIgniter.php(921): App\Controllers\Admin->__construct()
 2 SYSTEMPATH\CodeIgniter.php(488): CodeIgniter\CodeIgniter->createController()
 3 SYSTEMPATH\CodeIgniter.php(340): CodeIgniter\CodeIgniter->handleRequest(null, Object(Config\Cache), false)
 4 SYSTEMPATH\Boot.php(417): CodeIgniter\CodeIgniter->run()
 5 SYSTEMPATH\Boot.php(68): CodeIgniter\Boot::runCodeIgniter(Object(CodeIgniter\CodeIgniter))
 6 FCPATH\index.php(59): CodeIgniter\Boot::bootWeb(Object(Config\Paths))
WARNING - 2026-06-20 06:37:03 --> [DEPRECATED] Creation of dynamic property App\Controllers\Bengkel::$ModelWilayah is deprecated in APPPATH\Controllers\Bengkel.php on line 15.
 1 SYSTEMPATH\CodeIgniter.php(921): App\Controllers\Bengkel->__construct()
 2 SYSTEMPATH\CodeIgniter.php(488): CodeIgniter\CodeIgniter->createController()
 3 SYSTEMPATH\CodeIgniter.php(340): CodeIgniter\CodeIgniter->handleRequest(null, Object(Config\Cache), false)
 4 SYSTEMPATH\Boot.php(417): CodeIgniter\CodeIgniter->run()
 5 SYSTEMPATH\Boot.php(68): CodeIgniter\Boot::runCodeIgniter(Object(CodeIgniter\CodeIgniter))
 6 FCPATH\index.php(59): CodeIgniter\Boot::bootWeb(Object(Config\Paths))
WARNING - 2026-06-20 06:37:03 --> [DEPRECATED] Creation of dynamic property App\Controllers\Bengkel::$ModelSetting is deprecated in APPPATH\Controllers\Bengkel.php on line 16.
 1 SYSTEMPATH\CodeIgniter.php(921): App\Controllers\Bengkel->__construct()
 2 SYSTEMPATH\CodeIgniter.php(488): CodeIgniter\CodeIgniter->createController()
 3 SYSTEMPATH\CodeIgniter.php(340): CodeIgniter\CodeIgniter->handleRequest(null, Object(Config\Cache), false)
 4 SYSTEMPATH\Boot.php(417): CodeIgniter\CodeIgniter->run()
 5 SYSTEMPATH\Boot.php(68): CodeIgniter\Boot::runCodeIgniter(Object(CodeIgniter\CodeIgniter))
 6 FCPATH\index.php(59): CodeIgniter\Boot::bootWeb(Object(Config\Paths))
WARNING - 2026-06-20 06:37:03 --> [DEPRECATED] Creation of dynamic property App\Controllers\Bengkel::$ModelBengkel is deprecated in APPPATH\Controllers\Bengkel.php on line 17.
 1 SYSTEMPATH\CodeIgniter.php(921): App\Controllers\Bengkel->__construct()
 2 SYSTEMPATH\CodeIgniter.php(488): CodeIgniter\CodeIgniter->createController()
 3 SYSTEMPATH\CodeIgniter.php(340): CodeIgniter\CodeIgniter->handleRequest(null, Object(Config\Cache), false)
 4 SYSTEMPATH\Boot.php(417): CodeIgniter\CodeIgniter->run()
 5 SYSTEMPATH\Boot.php(68): CodeIgniter\Boot::runCodeIgniter(Object(CodeIgniter\CodeIgniter))
 6 FCPATH\index.php(59): CodeIgniter\Boot::bootWeb(Object(Config\Paths))
WARNING - 2026-06-20 06:37:03 --> [DEPRECATED] Creation of dynamic property App\Controllers\Bengkel::$ModelKategori is deprecated in APPPATH\Controllers\Bengkel.php on line 18.
 1 SYSTEMPATH\CodeIgniter.php(921): App\Controllers\Bengkel->__construct()
 2 SYSTEMPATH\CodeIgniter.php(488): CodeIgniter\CodeIgniter->createController()
 3 SYSTEMPATH\CodeIgniter.php(340): CodeIgniter\CodeIgniter->handleRequest(null, Object(Config\Cache), false)
 4 SYSTEMPATH\Boot.php(417): CodeIgniter\CodeIgniter->run()
 5 SYSTEMPATH\Boot.php(68): CodeIgniter\Boot::runCodeIgniter(Object(CodeIgniter\CodeIgniter))
 6 FCPATH\index.php(59): CodeIgniter\Boot::bootWeb(Object(Config\Paths))
DEBUG - 2026-06-20 06:37:04 --> Session: Class initialized using 'CodeIgniter\Session\Handlers\FileHandler' driver.
WARNING - 2026-06-20 06:38:34 --> [DEPRECATED] Creation of dynamic property App\Controllers\Admin::$ModelSetting is deprecated in APPPATH\Controllers\Admin.php on line 11.
 1 SYSTEMPATH\CodeIgniter.php(921): App\Controllers\Admin->__construct()
 2 SYSTEMPATH\CodeIgniter.php(488): CodeIgniter\CodeIgniter->createController()
 3 SYSTEMPATH\CodeIgniter.php(340): CodeIgniter\CodeIgniter->handleRequest(null, Object(Config\Cache), false)
 4 SYSTEMPATH\Boot.php(417): CodeIgniter\CodeIgniter->run()
 5 SYSTEMPATH\Boot.php(68): CodeIgniter\Boot::runCodeIgniter(Object(CodeIgniter\CodeIgniter))
 6 FCPATH\index.php(59): CodeIgniter\Boot::bootWeb(Object(Config\Paths))
WARNING - 2026-06-20 06:38:50 --> [DEPRECATED] Creation of dynamic property App\Controllers\Home::$ModelSetting is deprecated in APPPATH\Controllers\Home.php on line 12.
 1 SYSTEMPATH\CodeIgniter.php(921): App\Controllers\Home->__construct()
 2 SYSTEMPATH\CodeIgniter.php(488): CodeIgniter\CodeIgniter->createController()
 3 SYSTEMPATH\CodeIgniter.php(340): CodeIgniter\CodeIgniter->handleRequest(null, Object(Config\Cache), false)
 4 SYSTEMPATH\Boot.php(417): CodeIgniter\CodeIgniter->run()
 5 SYSTEMPATH\Boot.php(68): CodeIgniter\Boot::runCodeIgniter(Object(CodeIgniter\CodeIgniter))
 6 FCPATH\index.php(59): CodeIgniter\Boot::bootWeb(Object(Config\Paths))
WARNING - 2026-06-20 06:38:50 --> [DEPRECATED] Creation of dynamic property App\Controllers\Home::$ModelWilayah is deprecated in APPPATH\Controllers\Home.php on line 13.
 1 SYSTEMPATH\CodeIgniter.php(921): App\Controllers\Home->__construct()
 2 SYSTEMPATH\CodeIgniter.php(488): CodeIgniter\CodeIgniter->createController()
 3 SYSTEMPATH\CodeIgniter.php(340): CodeIgniter\CodeIgniter->handleRequest(null, Object(Config\Cache), false)
 4 SYSTEMPATH\Boot.php(417): CodeIgniter\CodeIgniter->run()
 5 SYSTEMPATH\Boot.php(68): CodeIgniter\Boot::runCodeIgniter(Object(CodeIgniter\CodeIgniter))
 6 FCPATH\index.php(59): CodeIgniter\Boot::bootWeb(Object(Config\Paths))
DEBUG - 2026-06-20 06:38:52 --> Session: Class initialized using 'CodeIgniter\Session\Handlers\FileHandler' driver.
WARNING - 2026-06-20 06:52:27 --> [DEPRECATED] Creation of dynamic property App\Controllers\Admin::$ModelSetting is deprecated in APPPATH\Controllers\Admin.php on line 11.
 1 SYSTEMPATH\CodeIgniter.php(921): App\Controllers\Admin->__construct()
 2 SYSTEMPATH\CodeIgniter.php(488): CodeIgniter\CodeIgniter->createController()
 3 SYSTEMPATH\CodeIgniter.php(340): CodeIgniter\CodeIgniter->handleRequest(null, Object(Config\Cache), false)
 4 SYSTEMPATH\Boot.php(417): CodeIgniter\CodeIgniter->run()
 5 SYSTEMPATH\Boot.php(68): CodeIgniter\Boot::runCodeIgniter(Object(CodeIgniter\CodeIgniter))
 6 FCPATH\index.php(59): CodeIgniter\Boot::bootWeb(Object(Config\Paths))
WARNING - 2026-06-20 06:53:18 --> [DEPRECATED] Creation of dynamic property App\Controllers\Admin::$ModelSetting is deprecated in APPPATH\Controllers\Admin.php on line 11.
 1 SYSTEMPATH\CodeIgniter.php(921): App\Controllers\Admin->__construct()
 2 SYSTEMPATH\CodeIgniter.php(488): CodeIgniter\CodeIgniter->createController()
 3 SYSTEMPATH\CodeIgniter.php(340): CodeIgniter\CodeIgniter->handleRequest(null, Object(Config\Cache), false)
 4 SYSTEMPATH\Boot.php(417): CodeIgniter\CodeIgniter->run()
 5 SYSTEMPATH\Boot.php(68): CodeIgniter\Boot::runCodeIgniter(Object(CodeIgniter\CodeIgniter))
 6 FCPATH\index.php(59): CodeIgniter\Boot::bootWeb(Object(Config\Paths))
DEBUG - 2026-06-20 07:20:27 --> Session: Class initialized using 'CodeIgniter\Session\Handlers\FileHandler' driver.
WARNING - 2026-06-20 07:21:48 --> [DEPRECATED] Creation of dynamic property App\Controllers\Admin::$ModelSetting is deprecated in APPPATH\Controllers\Admin.php on line 11.
 1 SYSTEMPATH\CodeIgniter.php(921): App\Controllers\Admin->__construct()
 2 SYSTEMPATH\CodeIgniter.php(488): CodeIgniter\CodeIgniter->createController()
 3 SYSTEMPATH\CodeIgniter.php(340): CodeIgniter\CodeIgniter->handleRequest(null, Object(Config\Cache), false)
 4 SYSTEMPATH\Boot.php(417): CodeIgniter\CodeIgniter->run()
 5 SYSTEMPATH\Boot.php(68): CodeIgniter\Boot::runCodeIgniter(Object(CodeIgniter\CodeIgniter))
 6 FCPATH\index.php(59): CodeIgniter\Boot::bootWeb(Object(Config\Paths))
WARNING - 2026-06-20 07:22:36 --> [DEPRECATED] Creation of dynamic property App\Controllers\Admin::$ModelSetting is deprecated in APPPATH\Controllers\Admin.php on line 11.
 1 SYSTEMPATH\CodeIgniter.php(921): App\Controllers\Admin->__construct()
 2 SYSTEMPATH\CodeIgniter.php(488): CodeIgniter\CodeIgniter->createController()
 3 SYSTEMPATH\CodeIgniter.php(340): CodeIgniter\CodeIgniter->handleRequest(null, Object(Config\Cache), false)
 4 SYSTEMPATH\Boot.php(417): CodeIgniter\CodeIgniter->run()
 5 SYSTEMPATH\Boot.php(68): CodeIgniter\Boot::runCodeIgniter(Object(CodeIgniter\CodeIgniter))
 6 FCPATH\index.php(59): CodeIgniter\Boot::bootWeb(Object(Config\Paths))
